v,Name,in TabArena v0.1,in data-foundry,Tags,# features,Comments to preprocessing,Source (Link to download),Source (Website),Original Source ,Original Source (Website),Source (Benchmark / Collection),# of appearances,Year,License,Reference,Free Comments,Potential issue,Required split,Problem Type,Usable Task Type,Given Task Type,Data Domain,Context Domain,Original Data State,samples,Use Case Comments,Uploaded to OpenML,# classes,Column 27
Lennart,Allstate_Claims_Severity,No,allstate_claims_severity,"Yes, No FS lit. reference, Sensitive features",131,,https://www.openml.org/d/42571,OpenML,https://www.kaggle.com/competitions/allstate-claims-severity,Kaggle,,0,2016,Public,https://www.kaggle.com/competitions/allstate-claims-severity,Predict amount of insurance claims.Data anonymized,Dominika: similar problem to the one with Otto - we don't have a permission to use the data as indicated by the competition rules.,Random (IID),Regression,Predictive ML,Predictive ML,Tabular,insurance,Table,188318,,Yes,,
Basti,Ancestry study,No,ancestry_study,"Yes, No FS lit. reference",105,https://github.com/CarolaHeinzel/BGA-Classification/blob/main/CrossValidation_Code/run_convert_excel_data.py,https://github.com/CarolaHeinzel/BGA-Classification/blob/main/datat/filtered_population_eur_update.xlsx,Github,https://pubmed.ncbi.nlm.nih.gov/36917866/,Other,Development and evaluations of the ancestry informative markers of the VISAGE Enhanced Tool for Appearance and Ancestry,1,2025,Public,,Chemical structure in MDL-SD format. ,"Domain knowledge, low #samples",Random (IID),Multiclass Classification,Predictive ML,Predictive ML,Tabular,"biology & life sciences, social science, Other",Table,635,,No,7.0,
"Andrej, Lennart",anneal,Yes,anneal,"Yes, No FS lit. reference",39,,https://www.openml.org/search?type=data&id=46906&sort=runs&status=active,OpenML,https://archive.ics.uci.edu/dataset/3/annealing,UCI,"TabArena, Comprehensive Decision Tree Models in Bioinformatics",2,2014,CC BY 4.0,https://doi.org/10.24432/C5RW2F,"Chemical, steel production. D: here more  on attributes",,Random (IID),Multiclass Classification,Predictive ML,Predictive ML,Tabular,chemistry & material science,Table,898,,Yes,5.0,
Lennart,APSFailure,Yes,aps_failure,"Yes, No FS lit. reference",171,,https://www.openml.org/search?type=data&status=active&id=46908,OpenML,https://archive.ics.uci.edu/dataset/414/ida2016challenge,UCI,TabArena,1,2017,CC BY 4.0,https://doi.org/10.24432/C5V60Q,D: 8% missing values,,Random (IID),Binary Classification,Predictive ML,Predictive ML,Tabular,technology & internet,Table,76000,,Yes,2.0,
Lennart,Audiology,No,audiology_diagnosis,Yes,69,,https://www.openml.org/search?type=data&status=active&id=7,OpenML,https://archive.ics.uci.edu/dataset/7/audiology+original,UCI,"Correlation-based feature selection for machine learning, Comprehensive Decision Tree Models in Bioinformatics",2,1987,,,"D: here's the standardized version with column names. I don't know what some one of them mean, might be derived from other domain but hard to tell","Dominika: ""This database does NOT use a standard set of attributes per instance."" not tabular?; B: Seems to be legit medical data. D: fair. maybe we could use the standardized version? ",Random (IID),Multiclass Classification,Predictive ML,"Scientific Discovery, Predictive ML",Tabular,medical & healthcare,Table,199,,Yes,24.0,
Dominika,Automobile,No,automobile,Yes,25,Dominika: it's an ordinal regression task,https://www.openml.org/search?type=data&status=active&id=9,OpenML,https://archive.ics.uci.edu/dataset/10/automobile,UCI,"Comprehensive Decision Tree Models in Bioinformatics, Theoretical and empirical analysis of ReliefF and RReliefF",2,1987,CC BY 4.0,1985 Auto Imports Database,"Dominika: so it's framed as regression but actually only has 7 values for targets. It's ordinal classification:   ""1. symboling:                -3, -2, -1, 0, 1, 2, 3."" It's a risk value",,Random (IID),Ordinal Classification,Predictive ML,Predictive ML,Tabular,industry & manufacturing,Table,205,,Yes,7.0,
Dominika,Is-this-a-good-customer,Yes,bad_customer_detection,"Yes, No FS lit. reference, Sensitive features",14,,https://www.openml.org/d/46938,OpenML,https://www.kaggle.com/datasets/podsyp/is-this-a-good-customer,Kaggle,TabArena,1,2020,CC0: Public Domain,https://www.kaggle.com/datasets/podsyp/is-this-a-good-customer,,"Dominika: no indication of the data source. ""Bad customer"" as a target is a bit strange + not sure if basing that on e.g. sex or having children is ethically sound. ",Random (IID),Binary Classification,Predictive ML,Predictive ML,Tabular,finance,Table,1723,,Yes,2.0,
Dominika,Bank_Customer_Churn_Dataset,Yes,bank_customer_churn,"Yes, Sensitive features",11,,https://www.openml.org/d/46911,OpenML,https://www.kaggle.com/datasets/gauravtopre/bank-customer-churn-dataset,Kaggle,TabArena,1,2020,Public,https://www.kaggle.com/datasets/gauravtopre/bank-customer-churn-dataset,,"Dominika: gender as a feature (not ok). ABC bank doesn't exist, there's no info on the source of the dataset so it might as well be synthetic",Random (IID),Binary Classification,Predictive ML,Predictive ML,Tabular,finance,Table,10000,,Yes,2.0,
Basti,bank-marketing,Yes,bank_marketing,Yes,13,,https://www.openml.org/d/46910,OpenML,https://doi.org/10.24432/C5K306,UCI,"TabArena, Why do tree-based models still outperform deep learning on typical tabular data?, A Bayesian Framework for Learning Rule Sets for Interpretable Classification, Understanding global feature contributions with additive importance measures",4,2012,CC BY 4.0,https://doi.org/10.1016/j.dss.2014.03.001,,,Random (IID),Binary Classification,Predictive ML,Predictive ML,Tabular,finance,Table,45211,,Yes,2.0,
Basti,bioresponse ,Yes,bioresponse,Yes,1777,,openml.org/d/46912,OpenML,https://www.kaggle.com/c/bioresponse,Kaggle,"TabArena, Benchmark for filter methods for feature selection in high-dimensional classification data",2,2012,Competition license,Kaggle / https://www.kaggle.com/c/bioresponse,"Data already normalized, no semantic meaning. Predict a biological response of molecules from their chemical properties",,Random (IID),Binary Classification,Predictive ML,Predictive ML,Tabular,biology & life sciences,Table,3751,Seems like a good use case TBD,Yes,2.0,
Lennart,Body Fat,No,body_density_prediction,Yes,14,,https://www.kaggle.com/datasets/fedesoriano/body-fat-prediction-dataset/data,Kaggle,https://jse.amstat.org/v4n1/datasets.johnson.html,Other,Variable selection--a review and recommendations for the practicing statistician,1,1996,Public,,"D: Percentage of body fat, age, weight, height, and ten body circumference measurements (e.g., abdomen) are recorded for 252 men.  Body fat, a measure of health, is estimated through an underwater weighing technique.  Fitting body fat to the other measurements using multiple regression provides a convenient way of estimating body fat for men using only a scale and a measuring tape. https://jse.amstat.org/datasets/fat.dat.txt ","D: there are some mistakes in the dataset, we need to refet to the comments in the .txt file. B: Besides the mistakes, I think we are good",Random (IID),Regression,Predictive ML,"Scientific Discovery, Predictive ML",Tabular,medical & healthcare,Table,252,,No,,
Basti,Brazilian_houses,No,brasilian_houses,"Yes, No FS lit. reference",13,"IMO, this is an IID split, there is no time component and no entity requiring a group-based split",https://openml.org/d/42688 ,OpenML,https://www.kaggle.com/code/unanimad/brazilian-houses-to-rent,Kaggle,"Why do tree-based models still outperform deep learning on typical tabular data?, BEExAI: Benchmark to Evaluate Explainable AI",2,2020,Public domain,https://www.kaggle.com/rubenssjr/brasilian-houses-to-rent,,"D: collected with web crawler, not sure if it's a good task, there might be duplicates etc. B: Total duplicate rows: 358 (3.35% of dataset), I think it is fine",Random (IID),Regression,Predictive ML,Information Retrieval,Tabular,finance,Scraped Webpages,10692,,Yes,,
Basti,churn,Yes,churn,"Yes, No FS lit. reference",20,,openml.org/search?type=data&id=46915&sort=runs,OpenML,https://github.com/EpistasisLab/pmlb/tree/master/datasets/churn,Github,TabArena,1,2005,MIT License,https://doi.org/10.1198/jasa.2005.s61,sample telephony account churn data,"D: The github link referes to a book  that indeed uses some churn data and even cites the source. However, the UCI repo they cite is not accessible anymore.",Random (IID),Binary Classification,Predictive ML,Predictive ML,Tabular,technology & internet,Table,5000,,Yes,2.0,
Dominika,Period Changer,No,clock_protein_period,"Yes, No FS lit. reference",1092,,,,https://archive.ics.uci.edu/dataset/729/period+changer-2,UCI,,0,2022,CC BY 4.0,https://doi.org/10.1038/s41598-021-97962-5,"Dataset includes 90 non-toxic molecules designed for functional domain of a core clock protein, CRY1, of which 27 molecules significantly lengthen the period of circadian rhythm and the rest, 63 molecules, are no changers","Comes from the same paper, uses similar data, but has a different Target compared to Toxicity dataset. We used Recursive Feature Elimination together with Extreme Gradient Boosting Classifier (XGBC) to get the best set of molecular descriptors for XGBC  -> I have no domain knowledge, I can't tell if this preprocessing is a problem and categoizes the dataset as artificial/handmade",Random (IID),Binary Classification,Predictive ML,Predictive ML,Tabular,biology & life sciences,Table,90,,No,2.0,
Dominika,Toxicity,No,clock_protein_toxicity,"Yes, No FS lit. reference",1112,,https://www.openml.org/d/46855,OpenML,https://archive.ics.uci.edu/dataset/728/toxicity-2,UCI,,0,2022,CC BY 4.0,https://doi.org/10.1038/s41598-021-97962-5,"Dataset includes 171 molecules designed for functional domains of a core clock protein, CRY1, responsible for generating circadian rhythm. 56 of the molecules are toxic and the rest are non-toxic. D: The data consists a complete set of 1203 molecular descriptors and needs feature selection before classification since some of the features are redundant.","We used Recursive Feature Elimination together with Extreme Gradient Boosting Classifier (XGBC) to get the best set of molecular descriptors for XGBC -> I have no domain knowledge, I can't tell if this preprocessing is a problem and categoizes the dataset as artificial/handmade",Random (IID),Binary Classification,Predictive ML,Predictive ML,Tabular,biology & life sciences,Table,171,,Yes,2.0,
Basti,Insurance Company Benchmark (COIL 2000),Yes,coil_2000_insurance_policies,"Yes, Sensitive features",85,,https://www.openml.org/search?type=data&id=46916&sort=runs&status=active,OpenML,http://archive.ics.uci.edu/dataset/125/insurance+company+benchmark+coil+2000,UCI,"TabArena, Efficient feature selection via analysis of relevance and redundancy, Feature Selection for High-Dimensional Data: A Fast Correlation-Based Filter Solution",3,2000,,https://liacs.leidenuniv.nl/~puttenpwhvander/library/cc2000/report2.html,,Dominika: many religion-related features. how is it informative of the insurance? ,Random (IID),Binary Classification,Predictive ML,Predictive ML,Tabular,insurance,Table,9822,,Yes,2.0,
Dominika,Colon,No,colon_tumor,Yes,1992,"Dominika: ""The genes chosen are the 2,000 genes with highest minimal intensity across the samples.""- openml publishes the already filtered out data. It's unsupervised filtering so should be fine.",https://www.openml.org/d/45087,OpenML,https://pubmed.ncbi.nlm.nih.gov/10359783/,GOV Website,"Recent advances in feature selection and its applications, Feature Selection: A Data Perspective, Improving Mutual Information based Feature Selection by Boosting Unique Relevance, Robust feature selection using ensemble feature selection techniques, A review of feature selection methods on synthetic data, Conditional likelihood maximisation: a unifying framework for information theoretic feature selection, Hybrid method based on information gain and support vector machine for gene selection in cancer classification, Feature selection using Joint Mutual Information Maximisation",8,1999,Public,https://doi.org/10.1073/pnas.96.12.6745,Dominika: classes are prob normal and cancer cells. ,,Random (IID),Binary Classification,Predictive ML,Scientific Discovery,Tabular,medical & healthcare,Table,62,,Yes,2.0,
Lennart,Australian (credit screening),No,credit_approval,"Yes, Sensitive features",16,,https://www.openml.org/d/29,OpenML,https://doi.org/10.24432/C59012,UCI,"Correlation-based feature selection for machine learning, Feature selection using Joint Mutual Information Maximisation, A Probabilistic Approach to Feature Selection - A Filter Solution",3,1987,Public,https://doi.org/10.1016/S0020-7373(87)80053-6,D: derived from the credit-a (credit-approval) dataset,"B: Seems to be legit, even if we don't know the column names. D: it it highly probable that this dataset has similar issues to credit-g (ethical) since they come from the same domain and around the same time (maybe even from the same study)",Random (IID),Binary Classification,Predictive ML,Predictive ML,Tabular,finance,Table,690,,Yes,2.0,
Dominika,Default of Credit Card Clients,Yes,credit_card_clients_default,"Yes, Sensitive features",24,,openml.org/search?type=data&id=46919,OpenML,http://archive.ics.uci.edu/dataset/350/default+of+credit+card+clients,UCI,TabArena,1,2009,,https://doi.org/10.1016/j.eswa.2007.12.020,,"Dominika: The target is the risk of default in percentage (default=not paying the debt) and attributes are sex, marriage, and education which seem to be sensitive features. Another issue: ""Because the real probability of default is unknown, this study proposed the novel “Sorting Smoothing Method” to deduce the real default probability"". So it's not a real target.",Random (IID),Binary Classification,Predictive ML,Predictive ML,Tabular,finance,Table,30000,,Yes,2.0,
Basti,customer_satisfaction_in_airline,Yes,customer_satisfaction_in_airline,"Yes, No FS lit. reference",22,,https://www.openml.org/search?type=data&id=46920,OpenML,https://www.kaggle.com/datasets/yakhyojon/customer-satisfaction-in-airline,Kaggle,TabArena,1,2023,CC0: Public Domain,https://www.kaggle.com/datasets/yakhyojon/customer-satisfaction-in-airline,,Dominika: Kaggle competition author points to Coursera but there's no indication whether the dataset is real. I tried looking for it in the course contents but couldn't find it.,Random (IID),Binary Classification,Predictive ML,Predictive ML,Tabular,business & marketing,Table,129880,,Yes,2.0,
Lennart,Drug Induced Autoimmunity Prediction,No,drug_induced_autoimmunity_prediction,"Yes, No FS lit. reference",178,,,,https://archive.ics.uci.edu/dataset/1104/drug_induced_autoimmunity_prediction,UCI,,0,2025,CC BY 4.0,https://doi.org/10.1016/j.tox.2025.154064,"This is very new, probably this is why it is nowhere else (on Kaggle or OpenML)","Seems to be a merge of some other datasets from previous papers. Dominika: ""The dataset used in this study was obtained from previous research (Guo et al., 2022), where DIA-positive drugs were compiled by combining compounds from the Side Effect Resource (SIDER) database (Kuhn et al., 2016) with documented autoimmune adverse reactions (incidence rate ≥0.1 %) and additional positive cases from Wu et al.’s study (Wu et al., 2021). "" I think if we make sure we don't use any of the other datasets, we can include this one",Random (IID),Binary Classification,Predictive ML,"Scientific Discovery, Predictive ML",Tabular,medical & healthcare,Table,597,,No,2.0,
Lennart,forest fire,No,forest_fires,"Yes, No FS lit. reference",13,,https://www.openml.org/d/43440,OpenML,,,Synthetic Benchmarks for Scientific Research in Explainable Machine Learning,1,2007,Public,,"D: i can't access the paper. The benchmark that cites this dataset is called ""synthetic [...]"" so that's a bit suspicious although the openml page doesn't idnicate it's artificial. prob need to look at the data.",b: Has several  time columns. D: the preidction task is for burnt area i think the calendar features are ok although it's prob not a perfect iid data.,Random (IID),Regression,Predictive ML,Predictive ML,Tabular,environmental science & climate,Table,517,,Yes,,
Basti,Framingham heart study,No,framingham_heart_study,"Yes, No FS lit. reference, Sensitive features",16,,https://doi.org/10.34740/kaggle/dsv/3493583,Kaggle,https://www.framinghamheartstudy.org/fhs-for-researchers/data-available-overview/,Other,OpenXAI: Towards a Transparent Evaluation of Post hoc Model Explanations,1,2022,Unknown,https://doi.org/10.34740/kaggle/dsv/3493583,,"D: It's only from kaggle, source unknown. D: dunno how to find the original dataset, maybe it's not a problem.",Random (IID),Binary Classification,Predictive ML,Predictive ML,Tabular,medical & healthcare,Table,4240,,No,2.0,
Basti,GiveMeSomeCredit,Yes,give_me_some_credit,"Yes, No FS lit. reference",12,,https://www.openml.org/d/46929,OpenML,https://www.kaggle.com/competitions/GiveMeSomeCredit/overview,Kaggle,"TabArena, OpenXAI: Towards a Transparent Evaluation of Post hoc Model Explanations, OpenHexAI: An Open-source Framework for Human-centered Evaluation of Explainable Machine Learning, Why do tree-based models still outperform deep learning on typical tabular data?",4,2011,Public,https://www.kaggle.com/competitions/GiveMeSomeCredit/overview,,,Random (IID),Binary Classification,Predictive ML,Predictive ML,Tabular,finance,Table,150000,,Yes,2.0,
Basti,hazelnut-spread-contaminant-detection-10GHz,Yes,hazelnut_spread_contaminant_detection_10GHz,"Yes, No FS lit. reference",31,,https://www.openml.org/d/46930,OpenML,https://www.openml.org/d/45538,OpenML,TabArena,1,2020,CC BY-SA,https://doi.org/10.1109/ISCAS45731.2020.9181293,,,Random (IID),Binary Classification,Predictive ML,Predictive ML,Tabular,biology & life sciences,Table,2400,,Yes,2.0,
Lennart,heart,No,heart_disease_cleveland,Yes,14,,https://www.openml.org/d/43398,OpenML,https://archive.ics.uci.edu/dataset/45/heart+disease,UCI,"Conditional likelihood maximisation: a unifying framework for information theoretic feature selection, A Bayesian Framework for Learning Rule Sets for Interpretable Classification, Overcoming the myopia of inductive learning algorithms with RELIEFF, Chi2 Feature Selection and Discretization of Numeric Attributes, Very Simple Classification Rules Perform Well on Most Commonly Used Datasets, Wrappers for feature subset selection, Streaming Feature Selection using Alpha-investing",7,1988,CC0: Public Domain,https://www.semanticscholar.org/paper/a7d714f8f87bfc41351eb5ae1e5472f0ebbe0574,"Dominika: might be interesting to look at the original datasets with 76 features and 5 classes. The UCI desciprtion reads ""his database contains 76 attributes, but all published experiments refer to using a subset of 14 of them.  In particular, the Cleveland database is the only one that has been used by ML researchers to date."" We'd need to look at the original features more closesly.      Basti: Sometimes called heart-disease or cleve","Dominika: it's very old. Contains merged databases. 4 databases: Cleveland, Hungary, Switzerland, and the VA Long Beach. Preprocessed, 75 attributes in original. UCI has the OG csv files
Basti: It is used a lot, maybe we can use it; even if it is not the original one",Random (IID),Binary Classification,Predictive ML,Predictive ML,Tabular,medical & healthcare,Table,303,,Yes,2.0,
Lennart,heart,No,heart_disease_hungary,Yes,14,,https://www.openml.org/d/43398,OpenML,https://archive.ics.uci.edu/dataset/45/heart+disease,UCI,"Conditional likelihood maximisation: a unifying framework for information theoretic feature selection, A Bayesian Framework for Learning Rule Sets for Interpretable Classification, Overcoming the myopia of inductive learning algorithms with RELIEFF, Chi2 Feature Selection and Discretization of Numeric Attributes, Very Simple Classification Rules Perform Well on Most Commonly Used Datasets, Wrappers for feature subset selection, Streaming Feature Selection using Alpha-investing",7,1988,CC0: Public Domain,https://www.semanticscholar.org/paper/a7d714f8f87bfc41351eb5ae1e5472f0ebbe0574,"Dominika: might be interesting to look at the original datasets with 76 features and 5 classes. The UCI desciprtion reads ""his database contains 76 attributes, but all published experiments refer to using a subset of 14 of them.  In particular, the Cleveland database is the only one that has been used by ML researchers to date."" We'd need to look at the original features more closesly.      Basti: Sometimes called heart-disease or cleve","Dominika: it's very old. Contains merged databases. 4 databases: Cleveland, Hungary, Switzerland, and the VA Long Beach. Preprocessed, 75 attributes in original. UCI has the OG csv files
Basti: It is used a lot, maybe we can use it; even if it is not the original one",Random (IID),Binary Classification,Predictive ML,Predictive ML,Tabular,medical & healthcare,Table,294,,Yes,2.0,
Lennart,heart,No,heart_disease_switzerland,Yes,13,,https://www.openml.org/d/43398,OpenML,https://archive.ics.uci.edu/dataset/45/heart+disease,UCI,"Conditional likelihood maximisation: a unifying framework for information theoretic feature selection, A Bayesian Framework for Learning Rule Sets for Interpretable Classification, Overcoming the myopia of inductive learning algorithms with RELIEFF, Chi2 Feature Selection and Discretization of Numeric Attributes, Very Simple Classification Rules Perform Well on Most Commonly Used Datasets, Wrappers for feature subset selection, Streaming Feature Selection using Alpha-investing",7,1988,CC0: Public Domain,https://www.semanticscholar.org/paper/a7d714f8f87bfc41351eb5ae1e5472f0ebbe0574,"Dominika: might be interesting to look at the original datasets with 76 features and 5 classes. The UCI desciprtion reads ""his database contains 76 attributes, but all published experiments refer to using a subset of 14 of them.  In particular, the Cleveland database is the only one that has been used by ML researchers to date."" We'd need to look at the original features more closesly.      Basti: Sometimes called heart-disease or cleve","Dominika: it's very old. Contains merged databases. 4 databases: Cleveland, Hungary, Switzerland, and the VA Long Beach. Preprocessed, 75 attributes in original. UCI has the OG csv files
Basti: It is used a lot, maybe we can use it; even if it is not the original one",Random (IID),Binary Classification,Predictive ML,Predictive ML,Tabular,medical & healthcare,Table,123,,Yes,2.0,
Lennart,heart,No,heart_disease_va_long_beach,Yes,14,,https://www.openml.org/d/43398,OpenML,https://archive.ics.uci.edu/dataset/45/heart+disease,UCI,"Conditional likelihood maximisation: a unifying framework for information theoretic feature selection, A Bayesian Framework for Learning Rule Sets for Interpretable Classification, Overcoming the myopia of inductive learning algorithms with RELIEFF, Chi2 Feature Selection and Discretization of Numeric Attributes, Very Simple Classification Rules Perform Well on Most Commonly Used Datasets, Wrappers for feature subset selection, Streaming Feature Selection using Alpha-investing",7,1988,CC0: Public Domain,https://www.semanticscholar.org/paper/a7d714f8f87bfc41351eb5ae1e5472f0ebbe0574,"Dominika: might be interesting to look at the original datasets with 76 features and 5 classes. The UCI desciprtion reads ""his database contains 76 attributes, but all published experiments refer to using a subset of 14 of them.  In particular, the Cleveland database is the only one that has been used by ML researchers to date."" We'd need to look at the original features more closesly.      Basti: Sometimes called heart-disease or cleve","Dominika: it's very old. Contains merged databases. 4 databases: Cleveland, Hungary, Switzerland, and the VA Long Beach. Preprocessed, 75 attributes in original. UCI has the OG csv files
Basti: It is used a lot, maybe we can use it; even if it is not the original one",Random (IID),Binary Classification,Predictive ML,Predictive ML,Tabular,medical & healthcare,Table,200,,Yes,2.0,
Basti,heloc,Yes,heloc,"Yes, No FS lit. reference",24,,https://www.openml.org/d/46932,OpenML,https://www.kaggle.com/datasets/averkiyoliabev/home-equity-line-of-creditheloc,Kaggle,"TabArena, OpenXAI: Towards a Transparent Evaluation of Post hoc Model Explanations, OpenHexAI: An Open-source Framework for Human-centered Evaluation of Explainable Machine Learning",3,2021,Public,https://www.kaggle.com/datasets/averkiyoliabev/home-equity-line-of-creditheloc,"D: i wonder what the ""risk estimate"" feature is if we're predicting the risk","Dominika: Kaggle doesn't point to a source of the dataset but this seems to be the right platform. Can't find this particular dataset though, hope it's not synthetic:))",Random (IID),Binary Classification,Predictive ML,Predictive ML,Tabular,finance,Table,10459,,Yes,2.0,
Lennart,Hepatitis,No,hepatitis_survival_prediction,"Yes, Sensitive features",20,,https://www.openml.org/search?type=data&status=active&id=55,Other,https://archive.ics.uci.edu/dataset/46/hepatitis,UCI,"Overcoming the myopia of inductive learning algorithms with RELIEFF, Very Simple Classification Rules Perform Well on Most Commonly Used Datasets, Comprehensive Decision Tree Models in Bioinformatics",3,1988,CC BY 4.0,,"D:  the dataset consists only of boolean and low order categorical values, with the target being ""die or live"" it might be a bit too trivial.. maybe we could run some simple MLP on it and see how it performs?","D: Is it a relevant/difficult enough task? B: Seems fine to me, we want to predict if a patient is alive based on sickness symptoms, seems good. Is used in the RELIEF Paper, which is cited a lot",Random (IID),Binary Classification,Predictive ML,Predictive ML,Tabular,medical & healthcare,Table,155,,Yes,2.0,
Dominika,hiva_agnostic,Yes,hiva_agnostic,Yes,1481,,https://www.openml.org/d/1039,OpenML,http://www.agnostic.inf.ethz.ch/datasets.php,Other,"TabArena, Benchmark for filter methods for feature selection in high-dimensional classification data",2,2007,Public,http://www.agnostic.inf.ethz.ch/datasets.php,"D: The original data has 3 classes (active, moderately active, and inactive). We brought it back to a two-class classification problem (active vs. inactive)",,Random (IID),Binary Classification,Predictive ML,Predictive ML,Tabular,chemistry & material science,Table,4229,,Yes,2.0,
Lennart,Homesite_Quote_Conversion,No,homesite_quote_conversion,"Yes, No FS lit. reference, Sensitive features",296,,https://www.openml.org/d/46636,OpenML,https://www.kaggle.com/competitions/homesite-quote-conversion,Kaggle,,0,2016,Competition license,,"Dominika: looks okay, need to drop the QuoteNumber. The task is about preidcitng whether after seeing that offered price and terms, will the customer purchase the policy",,Random (IID),Binary Classification,Predictive ML,Predictive ML,Tabular,insurance,Table,260753,,Yes,2.0,
Lennart,horse-colic,No,horse_colic_survival,Yes,21,,https://archive.ics.uci.edu/dataset/47/horse+colic,Other,https://archive.ics.uci.edu/dataset/47/horse+colic,UCI,"Wrappers for feature subset selection, Correlation-based feature selection for machine learning, Comprehensive Decision Tree Models in Bioinformatics",3,1989,CC BY 4.0,,"Dominika: outcome (died, lived, euthanized) is a feature for a target that indicated whether the horse has been operated or not ","Dominika: need to merge and split. Need to remove 3 features ""Possible class attributes: 24 (whether lesion is surgical)    -- others include: 23, 25, 26, and 27"". ",Random (IID),Multiclass Classification,Predictive ML,Predictive ML,Tabular,biology & life sciences,Table,344,,No,3.0,
Dominika,HR_Analytics_Job_Change_of_Data_Scientists,Yes,hr_analytics,"Yes, No FS lit. reference, Sensitive features",13,,https://www.openml.org/d/46935,OpenML,https://www.kaggle.com/datasets/arashnic/hr-analytics-job-change-of-data-scientists,Kaggle,TabArena,1,2021,CC0: Public Domain,https://www.kaggle.com/datasets/arashnic/hr-analytics-job-change-of-data-scientists,,Dominika: we don't know whether that's real-world data or not. The hackathon website doesn't mention the original source so it might be synthetic.,Random (IID),Binary Classification,Predictive ML,Predictive ML,Tabular,business & marketing,Table,19158,,Yes,2.0,
Basti,in_vehicle_coupon_recommendation,Yes,in_vehicle_coupon_recommendation,"Yes, Sensitive features",24,,https://www.openml.org/d/46937,OpenML,https://archive.ics.uci.edu/dataset/603/in+vehicle+coupon+recommendation,UCI,"TabArena, A Bayesian Framework for Learning Rule Sets for Interpretable Classification",2,2017,CC BY 4.0,https://www.jmlr.org/papers/v18/16-003.html,"Dominika: Data source -> ""Our data were collected on Amazon Mechanical Turk via a survey that we will describe shortly. We used Turkers with high ratings (95% or above). Out of 752 surveys, 652 were accepted, which generated 12684 data cases (after removing rows containing missing attributes).""",,Random (IID),Binary Classification,Predictive ML,Predictive ML,Tabular,business & marketing,Table,12684,,Yes,2.0,
Dominika,Ionosphere,No,ionosphere,Yes,34,,https://www.openml.org/d/59,OpenML,https://doi.org/10.24432/C5W01B,UCI,"A survey on feature selection methods, Overfitting in making comparisons between variable selection methods, Novel Optimized Feature Selection Using Metaheuristics Applied to Physical Benchmark Datasets, Conditional likelihood maximisation: a unifying framework for information theoretic feature selection, Random Forests, Constraint Score: A new filter method for feature selection with pairwise constraints, Streaming Feature Selection using Alpha-investing, Comprehensive Decision Tree Models in Bioinformatics",8,1988,CC BY 4.0,https://secwww.jhuapl.edu/techdigest/content/techdigest/pdf/V10-N03/10-03-Sigillito_Class.pdf,,,Random (IID),Binary Classification,Predictive ML,Predictive ML,Tabular,physics & astronomy,Table,351,,Yes,2.0,
Lennart,crx (Japanese Credit Screening),No,japanese_credit_screening,"Yes, Sensitive features",11,,https://www.kaggle.com/datasets/kurban1978/crxdata,Kaggle,https://doi.org/10.24432/C5259N,UCI,Wrappers for feature subset selection,1,1986,,https://doi.org/10.1023/A:1022643204877,,"B: I am not sure, but as far as i see there is a male/female column. D: no column description is a problem, especially for this sort of data",,,,,,,,125,,,2.0,
Dominika,KDDCup09_appetency,Yes,kdd_cup_09_appetency,"Yes, No FS lit. reference",212,,https://www.openml.org/d/46939,OpenML,https://kdd.org/kdd-cup/view/kdd-cup-2009/Intro,Other,"Why do tree-based models still outperform deep learning on typical tabular data?, BEExAI: Benchmark to Evaluate Explainable AI, TabArena",3,2009,CC0: Public Domain,https://doi.org/10.1145/1809400.1809414,"Marketing Dataset. D: TabArena dropped some columns, not sure if we want to do it as well? Also called KDDCup09_upselling",63% of the values are missing,Random (IID),Binary Classification,Predictive ML,Predictive ML,Tabular,business & marketing,Table,50000,,Yes,2.0,
Dominika,Labor (negotiations),No,labor_negotiations,Yes,17,"Dominika: awful dataset, a lot of missing data",https://www.openml.org/search?type=data&sort=runs&id=4&status=active,OpenML,https://archive.ics.uci.edu/dataset/56/labor+relations,UCI,"A Probabilistic Approach to Feature Selection - A Filter Solution, Comprehensive Decision Tree Models in Bioinformatics, Very Simple Classification Rules Perform Well on Most Commonly Used Datasets",3,1988,CC BY 4.0,,The data was used to learn the description of an acceptable and unacceptable contract. Prob a bit outdated.,D: What's the target? (need to look at the data). It might be sligthly outdated.,Random (IID),Binary Classification,Predictive ML,Predictive ML,Tabular,business & marketing,Table,57,,Yes,2.0,
Dominika,Leukemia (ALLAML),No,leukemia_allaml,Yes,7072,"Dominika: dataset can be found here, however they use .dbc and .x files that are elvira-specific file types, not common for genomics data. Another thing is that OpenML uses 7,1290 features while the paper mentioned 6,917 genes they extracted, perhaps they filtered some out: RNA prepared from bone marrow mononuclear cells was hybridized to high-density oligonucleotide microarrays, produced by Affymetrix and containing probes for 6817 human genes (14). For each gene, we obtained a quantitative expression level. Samples were subjected to a priori quality control standards regarding the amount of labeled RNA and the quality of the scanned microarray image (15) -> this preprocessing step is unknown. The benchmark papers that use this dataset report 7129 or 7070 features (the latter can be obtained by filtering out Affymetrix control probes).",https://www.openml.org/d/1104,OpenML,https://www.science.org/doi/epdf/10.1126/science.286.5439.531,Other,"Recent advances in feature selection and its applications, Improving Mutual Information based Feature Selection by Boosting Unique Relevance, Robust feature selection using ensemble feature selection techniques, Hybrid method based on information gain and support vector machine for gene selection in cancer classification, Feature selection using Joint Mutual Information Maximisation, Feature Selection: A Data Perspective, Streaming Feature Selection using Alpha-investing, Embedded Unsupervised Feature Selection",8,1999,Public,https://doi.org/10.1126/science.286.5439.531,"Dominika: so it's class predicition for AML and ALL types of leukemia (afaiu). Would be nice to contact Pascal. The original dataset has been used for ""genomic aberrations profiling"". Not sure if the OG data has a label?",Dominika: so it's class predicition for AML and ALL types of leukemia (afaiu). Would be nice to contact Pascal.,Random (IID),Binary Classification,Predictive ML,Scientific Discovery,Tabular,medical & healthcare,Table,72,,Yes,2.0,
Lennart,Primary Tumor,No,ljubljana_primary_tumor,"Yes, Sensitive features",18,,https://www.openml.org/search?type=data&sort=runs&id=171&status=active,OpenML,https://archive.ics.uci.edu/dataset/83/primary+tumor,UCI,"Correlation-based feature selection for machine learning, Overcoming the myopia of inductive learning algorithms with RELIEFF, Comprehensive Decision Tree Models in Bioinformatics",3,1988,CC BY 4.0,,"D: same here, it feels a bit too simplistic for FS and TFM ",,Random (IID),Multiclass Classification,Predictive ML,Predictive ML,Tabular,medical & healthcare,Table,302,,Yes,22.0,
Dominika,Lung,No,lung_cancer,Yes,12601,"No raw data available, using OpenML (shapes match). Original 6 classes were merged into 5 (adenocarcinomas). ",https://www.openml.org/d/45093,OpenML,https://www.pnas.org/doi/abs/10.1073/pnas.191502998,Other,"Recent advances in feature selection and its applications, Feature Selection: A Data Perspective, Efficient feature selection via analysis of relevance and redundancy, Conditional likelihood maximisation: a unifying framework for information theoretic feature selection, Unsupervised Feature Selection Using Nonnegative Spectral Analysis, On the Use of Variable Complementarity for Feature Selection in Cancer Classification",6,2001,Public,https://doi.org/10.1073/pnas.191502998,Dominika: target is different types of human lung carcinomas,,Random (IID),Multiclass Classification,Predictive ML,Predictive ML,Tabular,medical & healthcare,Table,203,,Yes,5.0,
Lennart,Lymphography,No,lymphography,Yes,19,,https://www.openml.org/d/10,OpenML,https://archive.ics.uci.edu/dataset/63/lymphography,UCI,"Correlation-based feature selection for machine learning, Consistency-based search in feature selection, Very Simple Classification Rules Perform Well on Most Commonly Used Datasets, Comprehensive Decision Tree Models in Bioinformatics",4,1988,CC BY 4.0,,D: same source as breast-cancer and primary tumor,D: data from Yugoslavia with restriced access,Random (IID),Multiclass Classification,Predictive ML,Predictive ML,Tabular,medical & healthcare,Table,142,,Yes,4.0,
Basti,Marketing_Campaign,Yes,marketing_campaign,"Yes, No FS lit. reference",26,,https://www.openml.org/d/46940,OpenML,https://www.kaggle.com/datasets/rodsaldanha/arketing-campaign,Kaggle,TabArena,1,2014,Public,https://www.kaggle.com/datasets/rodsaldanha/arketing-campaign,,D: the source is a book (can't access) but i feel like it's a similar situation to the one with churn - we still don't know whether it's a real-world data ,Random (IID),Binary Classification,Predictive ML,Predictive ML,Tabular,business & marketing,Table,2240,,Yes,2.0,
Basti,Mechanisms of Action (MoA) Prediction,No,mechanisms_of_action,"Yes, No FS lit. reference, No Good Target",206,"Problem: We need to predicit multiple targets, so we could either merge or select one target, but I don't see how we can merge targets, the targets are medical values to predict as 5_alpha_reductase_inhibitor, vitamin_b, vitamin_d_receptor_antagonist, ... and there is not one outstanding target so we could just ignore the rest for a valid reason. Chose nfkb_inhibitor as target for now",https://www.kaggle.com/competitions/lish-moa/data?select=train_features.csv,Kaggle,https://www.kaggle.com/competitions/lish-moa/data?select=train_features.csv,Kaggle,,0,2021,Competition license,,"Basti: Predict Mechanisms of Action for drugs. Dominika: ""the training data has an additional (optional) set of MoA labels that are not included in the test data and not used for scoring. Check for shape.","Duplicate data from drug discovery data, this time with a target. There are several files, unclear which one to use; Basti: I think it is clear, that the train_features file contains the data and the train_targets_scored contains all the 207 targets.",Random (IID),Multiclass Classification,Predictive ML,Predictive ML,Tabular,drug discovery,Table,23814,,No,2.0,
Basti,miami_housing,Yes,miami_housing,"Yes, No FS lit. reference",24,,https://www.openml.org/search?type=data&id=46942&sort=runs&status=active,OpenML,https://www.openml.org/search?type=data&id=43093&sort=runs&status=active,OpenML,"TabArena, Why do tree-based models still outperform deep learning on typical tabular data?",2,2016,CC_BY-NC-SA,https://doi.org/10.1177/0042098020982508,"We use single-family house transactions data for 2016 collected by property tax assessors for Miami-Dade, Broward and Palm Beach counties. The data were obtained from the Florida Department of Revenue, which maintains property valuation data for all Florida counties as part of their property tax oversight efforts. We exclude extremely high- and low-priced as well as large and small properties (the top and bottom 1% in each case), resulting in a sample of 57,130 transactions across the three counties. TABARENA: We drop duplicated homes (non-unique identifiers and location) (~1% of the data). We drop the ID column ""PARCELNO"". Anomaly: while the original paper describes data with 57k samples, we only have 13k on OpenML or Kaggle.",,Random (IID),Regression,Predictive ML,Predictive ML,Tabular,finance,Table,10459,,Yes,,
Basti,MIC,Yes,mic,"Yes, No FS lit. reference, Sensitive features",112,,https://www.openml.org/d/46980,OpenML,https://archive.ics.uci.edu/dataset/579/myocardial+infarction+complications,UCI,TabArena,1,2020,CC BY 4.0,https://doi.org/10.1093/gigascience/giaa128,,,Random (IID),Multiclass Classification,Predictive ML,Predictive ML,Tabular,medical & healthcare,Table,1700,,Yes,2.0,
Basti,naticusdroid+android+permissions+dataset,Yes,naticusdroid_android_permissions_dataset,"Yes, No FS lit. reference",87,,https://www.openml.org/d/46969,OpenML,https://archive.ics.uci.edu/dataset/722/naticusdroid+android+permissions+dataset,UCI,TabArena,1,2021,CC BY 4.0,https://doi.org/10.1016/j.jisa.2020.102696,,,Random (IID),Binary Classification,Predictive ML,Predictive ML,Tabular,technology & internet,Table,29332,,Yes,2.0,
Dominika,NCI ovarian data,No,nci_ovarian_cancer,Yes,15148,,https://www.openml.org/d/45098,OpenML,https://home.ccr.cancer.gov/ncifdaproteomics/ppatterns.asp,GOV Website,"NIPS 2003 variable selection benchmark, Robust feature selection using ensemble feature selection techniques",2,2002,Public,https://doi.org/10.1016/S0140-6736(02)07746-2,"Link provided in the survey are outdated, I think I found another version, shapes of OpenML dataset match the shapes given in the paper. D: this is data used for ARCENE in NIPS 2003. Downloadable under low resolution seldi-tof dataests",,Random (IID),Binary Classification,Predictive ML,Scientific Discovery,Tabular,medical & healthcare,Table,253,,Yes,2.0,
Dominika,NCI Pancreatic,No,nci_pancreatic_cancer,Yes,6771,,https://home.ccr.cancer.gov/ncifdaproteomics/CancerCellPanINDataBinned.zip,Other,https://home.ccr.cancer.gov/ncifdaproteomics/ppatterns.asp,GOV Website,Robust feature selection using ensemble feature selection techniques,1,2022,Unknown,https://doi.org/10.1016/S1535-6108(03)00309-X,D: to classify and discriminate premalignant pancreatic cancer compared to control animals (binary classification),D: mass spectrometry data for mouse,Random (IID),Binary Classification,Predictive ML,Scientific Discovery,Tabular,medical & healthcare,Database (or multiple to-be-joined tables),181,,No,2.0,
Dominika,NCI prostate cancer data,No,nci_prostate_cancer,Yes,15154,,,,https://home.ccr.cancer.gov/ncifdaproteomics/ppatterns.asp,GOV Website,NIPS 2003 variable selection benchmark,1,2002,Unknown,https://doi.org/10.1093/jnci/94.20.1576,"Link provided in the survey are outdated, I think I found another version. D: Downloadable under low resolution seldi-tof dataests. The number of csv files matches the number of samples so we just need to merge everything into one table. Clasees are given in folder names","No data found on any of the usually used platforms, needs to be uploaded to OpenML. Dataset seems to be legit and not be a duplicate of other Prostate datasets",Random (IID),Binary Classification,Predictive ML,Scientific Discovery,Tabular,medical & healthcare,Database (or multiple to-be-joined tables),322,,No,2.0,
Basti,Online Shoppers Purchasing Intention Dataset,Yes,online_shoppers_purchasing_intention_dataset,"Yes, No FS lit. reference",18,,https://www.openml.org/d/46947,OpenML,http://archive.ics.uci.edu/dataset/468/online+shoppers+purchasing+intention+dataset,UCI,TabArena,1,2017,CC BY 4.0,https://doi.org/10.1007/s00521-018-3523-0,Curation comments by the TabArena team (for code see the page of the study):Anomaly: the data contains time-based features that were preprocessed to create a time-invariant predictive task.,,Random (IID),Binary Classification,Predictive ML,Predictive ML,Tabular,business & marketing,Table,12330,,Yes,2.0,
Lennart,Otto Group Product Classification,No,otto_group_product_classification_challenge,Yes,94,,https://www.openml.org/d/45548,OpenML,https://kaggle.com/competitions/otto-group-product-classification-challenge,Kaggle,"TabArena, A performance-driven benchmark for feature selection in tabular deep learning",2,2015,Competition license,"Benjamin Bossan, Josef Feigl, and Wendy Kan. Otto Group Product Classification Challenge. https://kaggle.com/competitions/otto-group-product-classification-challenge, 2015. Kaggle.","Good in TabArena, License?, small number of features. Dominika: has 93 features (+ id columns we can drop)","Dominika: from the Kaggle competition: ""Unless otherwise permitted by the terms of the Competition Website, Participants must use the Data solely for the purpose and duration of the Competition, including but not limited to reading and learning from the Data, analyzing the Data, modifying the Data and generally preparing your Submission and any underlying models and participating in forum discussions on the Website.""",Random (IID),Multiclass Classification,Predictive ML,Predictive ML,Tabular,"industry & manufacturing, business & marketing",Table,61878,,Yes,9.0,
Dominika,Polish Companies Bankruptcy,Yes,polish_companies_bankruptcy,"Yes, No FS lit. reference",65,,https://www.openml.org/d/46950,OpenML,http://archive.ics.uci.edu/dataset/365/polish+companies+bankruptcy+data,UCI,TabArena,1,2010,CC BY 4.0,https://doi.org/10.1016/j.eswa.2016.04.001,,,Random (IID),Binary Classification,Predictive ML,Predictive ML,Tabular,finance,Table,5790,,Yes,2.0,
Lennart,porto-seguro,No,porto_seguro,"Yes, No FS lit. reference",38,,https://www.openml.org/d/42742,OpenML,https://www.kaggle.com/c/porto-seguro-safe-driver-prediction,Kaggle,,0,2017,Public,https://www.kaggle.com/c/porto-seguro-safe-driver-prediction,Dominika: it's not included in the OG TabArena set or at least i couldn't find it,Dominika: Kaggle competition rules,Random (IID),Binary Classification,Predictive ML,Predictive ML,Tabular,insurance,Table,595206,,Yes,2.0,
Basti,predict_students_dropout_and_academic_success,Yes,predict_students_dropout_and_academic_success,"Yes, No FS lit. reference, Sensitive features",37,,https://www.openml.org/d/46960,OpenML,https://archive.ics.uci.edu/dataset/697/predict+students+dropout+and+academic+success,UCI,TabArena,1,2021,CC BY 4.0,https://doi.org/10.1007/978-3-030-72657-7_16,,,Random (IID),Multiclass Classification,Predictive ML,Predictive ML,Tabular,education,Table,4424,,Yes,3.0,
Dominika,Prostate,No,prostate_cancer,Yes,12601,Dominika: using binary classification task (normal vs tumor),https://www.openml.org/d/45099,OpenML,https://www.sciencedirect.com/science/article/pii/S1535610802000302,Other,"Recent advances in feature selection and its applications, Robust feature selection using ensemble feature selection techniques, Hybrid method based on information gain and support vector machine for gene selection in cancer classification, Feature Selection: A Data Perspective",4,2002,Public,https://www.cell.com/cancer-cell/fulltext/S1535-6108%2802%2900030-2,Dominika: added paper that cited Prostate_GE. I think the target is whether the patient relapsed or not,,Random (IID),Binary Classification,Predictive ML,Scientific Discovery,Tabular,medical & healthcare,Table,102,,Yes,2.0,
Lennart,KDD98,No,pva_revenue_prediction_kddcup98,"Yes, No FS lit. reference",479,,https://www.openml.org/d/23513,OpenML,https://kdd.ics.uci.edu/databases/kddcup98/kddcup98.html,KDD Competition,,0,1998,Public,https://kdd.ics.uci.edu/databases/kddcup98/kddcup98.html,Regression problem where the goal is to estimate the return from a direct mailing in order to maximize donation profits,,Random (IID),Regression,Predictive ML,Predictive ML,Tabular,business & marketing,Table,144095,,Yes,,
Basti,qsar-biodeg,Yes,qsar_biodeg,"Yes, No FS lit. reference",42,,https://www.openml.org/d/46952,OpenML,https://archive.ics.uci.edu/dataset/254/qsar+biodegradation,UCI,TabArena,1,2013,CC BY 4.0,https://doi.org/10.1021/ci4000213,chemistry dataset with (computed) molecular propeties to predict whether the sample is ready and not ready biodegradable,,Random (IID),Binary Classification,Predictive ML,Predictive ML,Tabular,biology & life sciences,Table,1055,,Yes,2.0,
Dominika,QSAR oral toxicity,Yes,qsar_oral_toxicity,"Yes, No FS lit. reference",1025,,https://archive.ics.uci.edu/dataset/508/qsar+oral+toxicity,Other,https://archive.ics.uci.edu/dataset/508/qsar+oral+toxicity,UCI,,0,2019,CC BY 4.0,https://doi.org/10.24432/C5PS4J,"Data set containing values for 1024 binary attributes (molecular fingerprints) used to classify 8992 chemicals into 2 classes (very toxic/positive, not very toxic/negative)","B: No column names. D: i think i just found this one UCI when searching for dataset for my thesis, there's no mention of it the FS literature. since we already have two other QSAR datasets (one of them has same # of features but diff target and perhaps columns?), perhaps we should rethink using this one? ",Random (IID),Binary Classification,Predictive ML,Predictive ML,Tabular,biology & life sciences,Table,8992,,No,2.0,
Dominika,QSAR-TID-11,Yes,qsar_tid_11,"Yes, No FS lit. reference",1025,,https://www.openml.org/search?type=data&id=46953&sort=runs&status=active,OpenML,https://www.openml.org/search?type=data&sort=runs&status=active&id=3050,Other,TabArena,1,2015,CC0: Public Domain,https://doi.org/10.1007/s10994-017-5685-x,B: Chemistry dataset. features represent FCFP 1024bit Molecular Fingerprints. D: predition task for activity of a compound againts the TID target,,Random (IID),Regression,Predictive ML,Predictive ML,Tabular,biology & life sciences,Table,5742,,Yes,,
Lennart,Santander Customer Transaction Prediction,No,santander_customer_transaction_prediction,"Yes, No FS lit. reference, Sensitive features",601,,https://www.openml.org/d/42395,OpenML,https://www.kaggle.com/competitions/santander-customer-transaction-prediction/data?select=train.csv,Kaggle,,0,2019,Competition license,,D: The data provided for this competition has the same structure as the real data we have available to solve this problem. - guess it's still fine,"Dominika: ""Data Access and Use. Unless otherwise restricted under the Competition Specific Rules above, you may access and use the Competition Data for non-commercial purposes only, including for participating in the Competition and on Kaggle.com forums, and for academic research and education."" But also: ""No private sharing outside teams. Privately sharing code or data outside of teams is not permitted. It's okay to share code if made available to all participants on the forums.""",Random (IID),Binary Classification,Predictive ML,Predictive ML,Tabular,business & marketing,Table,200000,,Yes,2.0,
Basti,SDSS17,Yes,sdss_17,"Yes, No FS lit. reference",12,,https://www.openml.org/d/46955,OpenML, https://www.kaggle.com/datasets/fedesoriano/stellar-classification-dataset-sdss17,Kaggle,TabArena,1,2022,Public Domain,https://www.kaggle.com/fedesoriano/stellar-classification-dataset-sdss17,,,Random (IID),Multiclass Classification,Predictive ML,Predictive ML,Tabular,physics & astronomy,Table,100000,,Yes,3.0,
Dominika,SMK_CAN_187,No,smoking_lung_cancer,Yes,22216,,https://www.openml.org/d/45100,OpenML,https://www.ncbi.nlm.nih.gov/geo/query/acc.cgi?acc=GSE4115,GOV Website,Feature Selection: A Data Perspective,1,2007,Public,https://doi.org/10.1038/nm1556,Dominika: gene-expression profiles from Affymetrix HG-U133A microarrays. Need to check whether it's different from the Lung dataset.,,Random (IID),Binary Classification,Predictive ML,Scientific Discovery,Tabular,medical & healthcare,Table,187,,Yes,2.0,
Dominika,soybean-large,No,soybean_large,Yes,36,"Dominika: I ignored remarks in the e-mails as I cannot validate them in any way (domain expertise). Dataset often used with 15 classes instead of 19 (4 classes with # samples: 6, 6, 4, 1). I removed the one with a single sample.",https://www.openml.org/search?type=data&sort=runs&id=42&status=active,OpenML,https://archive.ics.uci.edu/dataset/90/soybean+large,UCI,"Wrappers for feature subset selection, Correlation-based feature selection for machine learning, Random Forests, Consistency-based search in feature selection, Constraint Score: A new filter method for feature selection with pairwise constraints, Comprehensive Decision Tree Models in Bioinformatics",6,1988,CC BY 4.0,,"Has a month column, but we think it is okay",D: hope it's not too easy but with so many classes it might be okay,Random (IID),Multiclass Classification,Predictive ML,Predictive ML,Tabular,biology & life sciences,Table,306,,Yes,18.0,
Dominika,SRBCT,No,srbct_prediction,Yes,2309,"No original deposition of the dataset, many R packages include it (in the same shape) but no better source than OpenML.",https://www.openml.org/d/45101,OpenML,,,On the Use of Variable Complementarity for Feature Selection in Cancer Classification,1,2001,Public,https://www.nature.com/articles/nm0601_673,Some medical gene dataset,D: Round blue cell tumors (SRBCT) dataset. From this paper: we used gene-expression data from cDNA microarrays containing 6567 genes. ,Random (IID),Multiclass Classification,Predictive ML,"Scientific Discovery, Predictive ML",Tabular,medical & healthcare,Table,83,,Yes,4.0,
Basti,superconductivity,Yes,superconductivity,"Yes, No FS lit. reference",83,,https://www.openml.org/d/46961,OpenML,https://archive.ics.uci.edu/dataset/464/superconductivty+data,UCI,"TabArena, Why do tree-based models still outperform deep learning on typical tabular data?",2,2018,CC BY 4.0,https://doi.org/10.1016/j.commatsci.2018.07.052,,,Random (IID),Regression,Predictive ML,Predictive ML,Tabular,physics & astronomy,Table,21263,,Yes,,
Basti,company_bankruptcy_prediction,Yes,taiwanese_bankruptcy_prediction,"Yes, No FS lit. reference",96,,https://www.openml.org/d/46962,OpenML,https://archive.ics.uci.edu/dataset/572/taiwanese+bankruptcy+prediction,UCI,TabArena,1,2009,CC BY 4.0,https://doi.org/10.1016/j.ejor.2016.01.012,,,Random (IID),Binary Classification,Predictive ML,Predictive ML,Tabular,finance,Table,6819,,Yes,2.0,
Lennart,Thyroid-Disease (Hypothyroid),No,thyroid_discordant,Yes,27,,https://www.openml.org/d/40476,OpenML,https://doi.org/10.24432/C5D010,UCI,"Very Simple Classification Rules Perform Well on Most Commonly Used Datasets, Wrappers for feature subset selection",2,1986,,https://doi.org/10.1023/A:1022643204877,"The primary criteria were size (real datasets must have more than 300 instances), difficulty (the accuracy should not be too high after seeing only a small number of instances), age (old datasets at the UC Irvine repository, such as Chess, hypothyroid, and vote, were not considered because of their possible influence on the development of algorithms). D: doesn't seem to me openml and uci datasets are the same thing (Kohavi mentions thyroid dataset as older than sick-euthyroid). Lennart: See thyroid_discordant in data-foundry, I think this has more than 5 features?","There seem to be different versions, see UCI and OpenML source, providing different versions of the Quinlan dataset (see reference)",Random (IID),Multiclass Classification,Predictive ML,Predictive ML,Tabular,medical & healthcare,Table,3711,,Yes,5.0,
Dominika,wine_quality,Yes,wine_quality,Yes,12,Dominika: it's an ordinal regression task,https://www.openml.org/d/46964,OpenML, https://doi.org/10.24432/C56S3T,UCI,"TabArena, Synthetic Benchmarks for Scientific Research in Explainable Machine Learning, Why do tree-based models still outperform deep learning on typical tabular data?, Novel Optimized Feature Selection Using Metaheuristics Applied to Physical Benchmark Datasets, Conditional likelihood maximisation: a unifying framework for information theoretic feature selection, Constraint Score: A new filter method for feature selection with pairwise constraints",6,2009,CC BY 4.0,https://doi.org/10.1016/j.dss.2009.05.016,"D: Also, we are not sure if all input variables are relevant. So it could be interesting to test feature selection methods. Task can be classification or regression",,Random (IID),Regression,Predictive ML,Predictive ML,Tabular,food science,Table,6497,,Yes,,
