Checked by,Final Decision ,Name,Source (Paper),Year (Paper),Source (Code),Year (Code),Official Code?,Constraints (open-source code),Source (Benchmark / Survey),Number of appearances,Free Comments,Potential issue,Deterministic?,Robustness,Leakage-safety?,Implemented in TabArena?
Basti,Yes,Original (no FS),,,N.A.,,,None,,0,Used as a baseline,,Yes,Yes,Inductive,Yes
Basti,No,Random FS,,,https://pandas.pydata.org/docs/reference/api/pandas.DataFrame.sample.html,,Yes,None,ROOFS: Robust Bio Marker Feature Selection,1,Used as a baseline,,No,Yes,Inductive,No
Basti,Yes,Random FS (fixed size),,,https://pandas.pydata.org/docs/reference/api/pandas.DataFrame.sample.html,,Yes,#features,"ROOFS: Robust Bio Marker Feature Selection, Online feature selection and its applications",2,Used as a baseline,,No,Yes,Inductive,Yes
Basti,Too few citations,variance,No source found,,https://scikit-learn.org/stable/modules/generated/sklearn.feature_selection.VarianceThreshold.html,2025,No,,"Benchmark for filter methods for feature selection in high-dimensional classification data, A Survey on Feature Selection",2,,,,,,No
Basti,Yes,t-test,"Peck R, Devore JL. Statistics: the exploration & analysis of data. Cengage learning. 2011; pp.516–9.",2011,https://github.com/jundongl/scikit-feature/blob/master/skfeature/function/statistical_based/t_score.py,2015,,,"Benchmark study of feature selection strategies for multi‑omics data, Feature Selection: A Data Perspective, ROOFS: Robust Bio Marker Feature Selection, A review of feature selection techniques in bioinformatics, A review of feature selection methods with applications",5,,,,,,Yes
Basti,"Too few citations, Variation of another method",low variance,No source found,,,,,,Feature Selection: A Data Perspective,1,,,,,,No
Basti,Yes,ANOVA F-Test,https://doi.org/10.1016/0169-7439(89)80095-4,1989,https://github.com/scikit-learn/scikit-learn/blob/b345ff7cadeb9f80035041e9bdf931cc695413d5/sklearn/feature_selection/_univariate_selection.py#L125,2016,No,,"Benchmark for filter methods for feature selection in high-dimensional classification data, Filter Methods for Feature Selection in Supervised Machine Learning Applications, A review of feature selection techniques in bioinformatics, Feature Selection for Classification: A Review, Recent advances in feature selection and its applications, A Performance-Driven Benchmark for Feature Selection in Tabular Deep Learning",6,,,,,,Yes
Basti,Too few citations,f_regression,https://scikit-learn.org/stable/modules/generated/sklearn.feature_selection.SelectKBest.html#sklearn.feature_selection.SelectKBest,2025,https://github.com/scikit-learn/scikit-learn/blob/b345ff7cadeb9f80035041e9bdf931cc695413d5/sklearn/feature_selection/_univariate_selection.py#L406,2025,No,,"Robust feature selection using ensemble feature selection techniques, A Performance-Driven Benchmark for Feature Selection in Tabular Deep Learning",2,,,,,,Yes
Basti,"Too few citations, Variation of another method",Kruskal-Wallis,https://doi.org/10.1080/01621459.1952.10483441,2015,https://docs.scipy.org/doc/scipy/reference/generated/scipy.stats.kruskal.html,2025,No,,"Benchmark for filter methods for feature selection in high-dimensional classification data, Filter Methods for Feature Selection in Supervised Machine Learning Applications",2,,,,,,No
Basti,"Too few citations, Variation of another method",limma,https://doi.org/10.2202/1544-6115.1027,2004,https://github.com/cran/limma/blob/1b51b3a5295f9feedb72a0df97e9c3e236592464/R/toptable.R#L27,2004,Yes,,Benchmark for filter methods for feature selection in high-dimensional classification data,1,Moderated version of F test stabilizing the estimation of the variance using a linear regression model,,,,,No
Basti,"Too few citations, Variation of another method",sam,https://doi.org/10.1073/pnas.091062498,2001,https://github.com/MikeJSeo/SAM,2018,Yes,,Benchmark for filter methods for feature selection in high-dimensional classification data,1,Moderated version of F test stabilizing the estimation of the variance by comparing the expected values of the statistics based on permutations,,,,,No
Basti,Yes,Fisher score,https://doi.org/10.1111/j.1469-1809.1936.tb02137.x,1936,https://github.com/jundongl/scikit-feature/blob/48cffad4e88ff4b9d2f1c7baffb314d1b3303792/skfeature/function/similarity_based/fisher_score.py,2017,No,"None, #features","A Survey on semi-supervised feature selection methods, Feature Selection: A Data Perspective, ROOFS: Robust Bio Marker Feature Selection, A review of feature selection methods with applications, Semi-supervised Feature Selection via Spectral Analysis, Feature Selection for Classification: A Review",6,"This is the book cited by everyone using Fisher Score, which is based on the original fisher paper: https://cours.etsmtl.ca/sys843/REFS/Books/Duda_Pattern_classification.pdf ",,,,,"Yes, to verify"
Basti,"Too few citations, Variation of another method",Fisher criterion,https://doi.org/10.48550/arXiv.1202.3725,2012,,,,,"A Survey on semi-supervised feature selection methods, Filter methods",2,,,,,,No
Basti,"Too few citations, Variation of another method",Trace Ratio,https://cdn.aaai.org/AAAI/2008/AAAI08-107.pdf,2008,,,,,Feature Selection: A Data Perspective,1,"This is a variation of the Fisher Score. There is also a younger paper of the same authors: https://doi.org/10.1016/j.neucom.2012.05.031 , maybe we can look at this again",,,,,No
Basti,Yes,RF importance,https://doi.org/10.1023/A:1010933404324,2001,https://scikit-learn.org/stable/auto_examples/ensemble/plot_forest_importances.html,2025,No,,"Benchmark for filter methods for feature selection in high-dimensional classification data, Filter Methods for Feature Selection in Supervised Machine Learning Applications, A Performance-Driven Benchmark for Feature Selection in Tabular Deep Learning, Benchmark study of feature selection strategies for multi‑omics data, ROOFS: Robust Bio Marker Feature Selection, Wrappers for feature subset selection, Robust feature selection using ensemble feature selection techniques, A review of feature selection methods with applications",8,Section 10 in the Breiman Paper describes Feature Selection using Random Forests,,,,,Yes
Basti,"Yes",CART,https://doi.org/10.1201/9781315139470,1984,,,,,"A review of feature selection methods with applications, Filter methods, An Introduction to Variable and Feature Selection, Wrappers for feature subset selection",4,"This is only cited by very old papers 20 years ago, this model is not used very much nowadays. The usage can be seen here: https://doi.org/10.1016/j.chemolab.2004.09.003 ",,,,,Yes
"Basti, Ricardo","Too few citations, Variation of another method",xgb importance,https://doi.org/10.1145/2939672.2939785,2016,,,,,A Performance-Driven Benchmark for Feature Selection in Tabular Deep Learning,1,XGBoost computes feature importance as the average gain across all splits in trees where a feature (see Cherepranova Performance Benchmark),,,,,No
Basti,"TBD, Too few citations, Variation of another method",Boruta,https://doi.org/10.3233/FI-2010-288,2010,https://github.com/scikit-learn-contrib/boruta_py/blob/master/boruta/boruta_py.py,2015,,#features,How Usable is Automated Feature Engineering for Tabular Data,1,,,,,,Yes
Basti,"Too few citations, Variation of another method",Attention Map Importance,https://doi.org/10.48550/arXiv.2106.11959,2021,https://github.com/yandex-research/tabular-dl-revisiting-models,2021,Yes,,A Performance-Driven Benchmark for Feature Selection in Tabular Deep Learning,1,,,,,,No
"Ricardo, Basti",Too few citations,Shapley Values,https://doi.org/10.1515/9781400881970-018,1953,,,,,"Ricardo, Explaining by removing: a unified framework for model explanation",1,"Other sources: Shapley values for feature selection: The good, the bad, and the axioms; 2021: https://doi.org/10.48550/arXiv.2102.10936",,,,,No
"Ricardo, Basti","Too few citations, Variation of another method",SHAP,https://doi.org/10.48550/arXiv.1705.07874,2017,https://github.com/shap/shap,,,,"Ricardo, Explaining by removing: a unified framework for model explanation",1,,,,,,No
Basti,"Too few citations, Variation of another method",Shapicant,"Calzolari, Manuel. ""manuel-calzolari/shapicant: Feature selection package based on SHAP and target permutation, for pandas and Spark."" Accessed: Feb 1 (2020): 2024.",2020,https://github.com/manuel-calzolari/shapicant,,,,ROOFS: Robust Bio Marker Feature Selection,1,"shapicant is a feature selection package based on SHAP [LUN] and target permutation, for pandas and Spark
",,,,,No
"Ricardo, Basti","Too few citations, Variation of another method","SAGE (Shapley
Additive Global importancE)",https://doi.org/10.48550/arXiv.2004.00668,2020,,,,,"Ricardo, Explaining by removing: a unified framework for model explanation",1,Filter & Wrapper Method,,,,,No
Basti,"Too few citations, Variation of another method",KernelSHAP,Practical implementation of SHAP,,,,,,Explaining by removing: a unified framework for model explanation,1,,,,,,No
Basti,"Too few citations, Variation of another method",TreeSHAP,,,,,,,Explaining by removing: a unified framework for model explanation,1,,,,,,No
Basti,"Too few citations, Variation of another method",LossSHAP,https://doi.org/10.1038/s42256-019-0138-9,2020,,,,,Explaining by removing: a unified framework for model explanation,1,(Marginalize with conditional),,,,,No
Basti,Yes,Impurity,https://doi.org/10.1007/978-3-540-35488-8_4,2006,,,,,"Filter methods, Filter Methods for Feature Selection in Supervised Machine Learning Applications, Benchmark for filter methods for feature selection in high-dimensional classification data",3,"The Duch Paper mentioned as source is the best definition, Bommert and Hopf don't cite anything, I think we can assume they mean the same",,,,,Yes
Basti,"Too few citations, Variation of another method",JIM,,,,,,,Filter Methods for Feature Selection in Supervised Machine Learning Applications,1,,,,,,No
Basti,"Too few citations, Variation of another method",Impurity Euclid ,,,,,,,Filter Methods for Feature Selection in Supervised Machine Learning Applications,1,,,,,,No
Basti,"Too few citations, Variation of another method",Impurity Hellinger,,,,,,,Filter Methods for Feature Selection in Supervised Machine Learning Applications,1,,,,,,No
Basti,Yes,Gini,"Gini, Corrado W. ""Variability and mutability, contribution to the study of statistical distributions and relations."" Studi Economico-Giuridici della R. Universita de Cagliari (1912).",1912,https://github.com/jundongl/scikit-feature/blob/48cffad4e88ff4b9d2f1c7baffb314d1b3303792/skfeature/function/statistical_based/gini_index.py,2015,,,"Filter Methods for Feature Selection in Supervised Machine Learning Applications, Feature Selection: A Data Perspective, ROOFS: Robust Bio Marker Feature Selection, Evaluation of feature selection methods for text classification with small datasets using multiple criteria decision-making methods, A review of feature selection methods with applications, Filter methods",6,"There is a paper publishing the original formula again https://doi.org/10.1007/s10888-011-9188-x, besides there are several definitions in the surveys and benchmarks mentioned. The definitions are all similar to the one provided in the ""Pattern Classification"" book of Duda, the only exception is the Bommert Benchmark, there is another definition. When excluding Bommert, we still have 5 papers with a similar or no definition, so we can use Gini as defined by Duda,  https://doi.org/10.1007/978-3-540-35488-8_4 or https://doi.org/10.1016/j.eswa.2006.04.001 ",,,,,Yes
Basti,"Too few citations, Variation of another method",equal gini,Gini index with equal weights for splits,,,,,,Filter Methods for Feature Selection in Supervised Machine Learning Applications,1,,,,,,No
Basti,"Too few citations, Variation of another method",Uniform Gini,Gini index with uniform priors,,,,,,Filter Methods for Feature Selection in Supervised Machine Learning Applications,1,,,,,,No
Basti,Yes,Information Gain,https://doi.org/10.1023/A:1022643204877,1986,https://stackoverflow.com/posts/59894908/revisions,2025,No,,"Filter Methods for Feature Selection in Supervised Machine Learning Applications, Benchmark study of feature selection strategies for multi‑omics data, A review of feature selection methods with applications, Feature Selection for Classification: A Review, A review of feature selection methods on synthetic data, Filter methods, A survey of feature selection and feature extraction techniques in machine learning",7,"There are 8 papers and 9 versions of IG, optionally to the mentioned paper, I found https://doi.org/10.1016/j.ipm.2004.08.006, which is a text categorization version of IG, the rest of the references is useless. I think we can use the formula provided by Quinlan in the Decision Tree paper, and exclude the text FS paper, which I moved to the line below now",,,,,Yes
Basti,"No, Too few citations, Variation of another method, Wrong data domain",Information Gain Text,https://doi.org/10.1016/j.ipm.2004.08.006,2006,,,,,Evaluation of feature selection methods for text classification with small datasets using multiple criteria decision-making methods,1,This is the Information Gain Text version,,,,,No
Basti,"Too few citations, Variation of another method",Equal Information Gain,"Hunt, E. B., Marin, J., & Stone, P. J. (1966). Experiments in induction. Academic Press.
",1966,,,,,Filter Methods for Feature Selection in Supervised Machine Learning Applications,1,Information gain with equal weights for splits ,,,,,No
Basti,"Too few citations, Variation of another method",Uniform Information Gain,Information gain with uniform priors,,,,,,Filter Methods for Feature Selection in Supervised Machine Learning Applications,1,,,,,,No
Basti,Yes,MI (Battiti),https://doi.org/10.1109/72.298224,1994,,,,,"Feature Selection: A Data Perspective, A survey on feature selection methods, Conditional Likelihood Maximisation: A Unifying Framework for Information Theoretic Feature Selection, Feature selection: a review and comparative study, Evaluation of feature selection methods for text classification with small datasets using multiple criteria decision-making methods, Feature Selection for Classification: A Review",6,"MI, MIM and MIFS are the same methods. Basically all citations can be concluded by two papers, most use Battiti, some use Guyon (see below)",,,,,Yes
Basti,No,MI (Guyon),https://www.jmlr.org/papers/volume3/guyon03a/guyon03a.pdf,2003,,,,,"Feature Selection for Classification: A Review, An Introduction to Variable and Feature Selection",2,This is the Guyon version of MI,,,,,No
Basti,"Too few citations, Variation of another method",MIFS-U,https://doi.org/10.1109/72.977291,2002,,,,,Conditional Likelihood Maximisation: A Unifying Framework for Information Theoretic Feature Selection,1,"This is an optimization of MI, only cited once, so we don't use it",,,,,No
Basti,"Too few citations, Variation of another method",AMIFS,https://doi.org/10.1109/IJCNN.2004.1379918,2004,,,,,Conditional Likelihood Maximisation: A Unifying Framework for Information Theoretic Feature Selection,1,"This is an optimization of MI, only cited once, so we don't use it",,,,,No
Basti,"Too few citations, Variation of another method",CMIFS,https://doi.org/10.4218/etrij.11.0110.0237,2011,,,,,Conditional Likelihood Maximisation: A Unifying Framework for Information Theoretic Feature Selection,1,,,,,,No
Basti,Yes,CMIM,http://www.jmlr.org/papers/volume5/fleuret04a/fleuret04a.pdf,2004,https://github.com/jundongl/scikit-feature/blob/master/skfeature/function/information_theoretical_based/CMIM.py,2017,No,,"Benchmark for filter methods for feature selection in high-dimensional classification data, Filter Methods for Feature Selection in Supervised Machine Learning Applications, Feature Selection: A Data Perspective, ROOFS: Robust Bio Marker Feature Selection, Conditional Likelihood Maximisation: A Unifying Framework for Information Theoretic Feature Selection",5,,,,,,Yes
Basti,Yes,JMI,https://proceedings.neurips.cc/paper_files/paper/1999/file/8c01a75941549a705cf7275e41b21f0d-Paper.pdf,1999,https://github.com/EESI/PyFeast/blob/556ae3823ce8105668cf22bb966acdec1ef954e6/feast.py#L300,,No,,"Benchmark for filter methods for feature selection in high-dimensional classification data, Filter Methods for Feature Selection in Supervised Machine Learning Applications, Feature Selection: A Data Perspective, ROOFS: Robust Bio Marker Feature Selection, Conditional Likelihood Maximisation: A Unifying Framework for Information Theoretic Feature Selection",5,"Everyone cites the Yang paper, some also cite Meyer, which is unrelated IMO (https://doi.org/10.1109/JSTSP.2008.923858)",,,,,Yes
Basti,"No, Too few citations",JMIM,https://doi.org/10.1016/j.eswa.2015.07.007,2015,https://github.com/danielhomola/mifs/blob/f84a05d77a53586ffb475fcd42957d088c6b2906/mifs/mifs.py#L125,,No,,"Benchmark for filter methods for feature selection in high-dimensional classification data, Filter Methods for Feature Selection in Supervised Machine Learning Applications",2,"Maybe we could include this, the paper has 800 citations ?",,,,,No
Basti,"Too few citations, Variation of another method",NJMIM,https://doi.org/10.1016/j.eswa.2015.07.007,2015,,,,,"Benchmark for filter methods for feature selection in high-dimensional classification data, Filter Methods for Feature Selection in Supervised Machine Learning Applications",2,Same as JMIM but with symmetrical relevance instead of MI,,,,,No
Basti,Yes,MRMR,https://doi.org/10.1109/TPAMI.2005.159,2005,https://github.com/smazzanti/mrmr,,No,,"Benchmark for filter methods for feature selection in high-dimensional classification data, Filter Methods for Feature Selection in Supervised Machine Learning Applications, Benchmark study of feature selection strategies for multi‑omics data, Recent advances in feature selection and its applications, Feature Selection: A Data Perspective, A survey on feature selection methods, ROOFS: Robust Bio Marker Feature Selection, Conditional Likelihood Maximisation: A Unifying Framework for Information Theoretic Feature Selection, A review of feature selection methods with applications, A review of feature selection techniques in bioinformatics, A review of feature selection methods on synthetic data, Feature Selection for Classification: A Review",12,"Most cited method, always same reference paper, can't be more clear. This is a variable subset selection method based on entropy",,,,,Yes
Basti,"Yes, Variation of another method",CIFE,https://doi.org/10.1007/11744023_6,2006,,,,,"Feature Selection: A Data Perspective, ROOFS: Robust Bio Marker Feature Selection, Conditional Likelihood Maximisation: A Unifying Framework for Information Theoretic Feature Selection",3,"Even if it has 3 appearances, it has only 330 citations and I think it is quite closely related to mRMR",,,,,"In Progress, but not sure if we should include it"
Basti,"Yes",DISR,https://doi.org/10.1007/11732242_9,2006,https://github.com/jundongl/scikit-feature/blob/48cffad4e88ff4b9d2f1c7baffb314d1b3303792/skfeature/function/information_theoretical_based/DISR.py,2017,No,,"Benchmark for filter methods for feature selection in high-dimensional classification data, Filter Methods for Feature Selection in Supervised Machine Learning Applications, Feature Selection: A Data Perspective, ROOFS: Robust Bio Marker Feature Selection, Conditional Likelihood Maximisation: A Unifying Framework for Information Theoretic Feature Selection",5,"This is the yet another method based on Entropy and Mutual Information, we don't need it necessarily.  Other implementation: https://github.com/ctlab/ITMO_FS/blob/a2e61e2fabb9dfb34d90a1130fc7f5f162a2c921/ITMO_FS/filters/multivariate/DISRwithMassive.py#L22",,,,,Yes
Basti,Too few citations,Informative Fragment,https://people.eecs.berkeley.edu/~efros/courses/AP06/Papers/vidal-iccv-03.pdf,2003,,,,,Feature Selection: A Data Perspective,1,,,,,,No
Basti,Yes,Gain Ratio,https://link.springer.com/article/10.1007/BF00116251,1986,,,,,"Benchmark for filter methods for feature selection in high-dimensional classification data, Filter Methods for Feature Selection in Supervised Machine Learning Applications, A review of feature selection methods with applications",3,,,,,,Yes
Basti,"Too few citations, Variation of another method",Gain Ratio Cost,https://doi.org/10.1007/978-3-540-39857-8_30,2003,,,,,Filter Methods for Feature Selection in Supervised Machine Learning Applications,1,,,,,,No
Basti,Yes,Symmetrical Uncertainty,https://experimentationlab.berkeley.edu/sites/default/files/NLD/References/11-Fourier_Transform_Spectral_Methods.pdf,1988,https://github.com/ctlab/ITMO_FS/blob/a2e61e2fabb9dfb34d90a1130fc7f5f162a2c921/ITMO_FS/filters/univariate/measures.py#L164,2020,No,,"Benchmark for filter methods for feature selection in high-dimensional classification data, Filter Methods for Feature Selection in Supervised Machine Learning Applications, A review of feature selection methods with applications, Robust feature selection using ensemble feature selection techniques, Filter methods",5,"The linked Press Paper seems to be the original one, it is cited by everyone. I can't find anything in the paper, but the formula, which is also used in all other papers can be found here: https://doi.org/10.1109/CESYS.2018.8723980 ",,,,,Yes
Basti,"Yes, Variation of another method",FCBF,https://asu.elsevierpure.com/en/publications/feature-selection-for-high-dimensional-data-a-fast-correlation-ba/,2003,,,,,"Recent advances in feature selection and its applications, Feature Selection: A Data Perspective, Conditional Likelihood Maximisation: A Unifying Framework for Information Theoretic Feature Selection, A review of feature selection methods with applications, Feature Selection for Classification: A Review",5,Based on symmetrical uncertainty,,,,,"In Progress, but not sure if we should include it"
Basti,Yes,INTERACT,https://doi.org/10.3233/IDA-2009-0364,2009,,,,,"A survey of feature selection and feature extraction techniques in machine learning, A review of feature selection methods on synthetic data",2,,,,,,Yes
Basti,"Yes, No",Accuracy,https://doi.org/10.1007/978-3-540-35488-8_4,2006,,,,,"Filter Methods for Feature Selection in Supervised Machine Learning Applications, A review of feature selection methods with applications, Filter methods",3,,"Hopf and Jovic don't mention any working mechanism and don't cite anything. Duch provides a formula, but in fact we have only one citation, which clearly states what they understand as accuracy. Maybe we calculate accuracy by giving one column to a model and see how the model performs?",,,,"Yes, to verify"
Basti,"Too few citations, Variation of another method",Uniform Accuracy,Accuracy with uniform priors,,,,,,Filter Methods for Feature Selection in Supervised Machine Learning Applications,1,,,,,,No
Basti,"Too few citations, Variation of another method",auc,Area under Curve accuracy,,https://github.com/scikit-learn/scikit-learn/blob/b345ff7cadeb9f80035041e9bdf931cc695413d5/sklearn/metrics/_ranking.py#L47,2025,No,,"Benchmark for filter methods for feature selection in high-dimensional classification data, Filter Methods for Feature Selection in Supervised Machine Learning Applications",2,,,,,,No
Basti,Yes,oneR,https://doi.org/10.1023/A:1022631118932,1993,,,,,"Benchmark for filter methods for feature selection in high-dimensional classification data, Filter Methods for Feature Selection in Supervised Machine Learning Applications, A review of feature selection methods with applications",3,The algorithm uses OneR classifier to find out the attributes' weights. predict the class based on the value of a single feature,,,,,Yes
Basti,No,Relief,https://doi.org/10.1016/B978-1-55860-247-2.50037-1,1992,,,,,"Filter Methods for Feature Selection in Supervised Machine Learning Applications, ROOFS: Robust Bio Marker Feature Selection, A review of feature selection methods with applications, Wrappers for feature subset selection, Feature selection: a review and comparative study, Robust feature selection using ensemble feature selection techniques, Feature Selection for Classification: A Review, Filter methods, A survey on feature selection methods",9,"This is cited often and the original method, but it cannot deal with incomplete data and is limited to two-class problems. This restriction is solved by ReliefF",,,,,No
Basti,"No, Variation of another method",Relief-A,https://doi.org/10.1007/3-540-57868-4_57,1994,,,,,,0,Variation of Relief,,,,,No
Basti,"No, Variation of another method",Relief-B,https://doi.org/10.1007/3-540-57868-4_57,1994,,,,,,0,Variation of Relief,,,,,No
Basti,"No, Variation of another method",Relief-C,https://doi.org/10.1007/3-540-57868-4_57,1994,,,,,,0,Variation of Relief,,,,,No
Basti,"No, Variation of another method",Relief-D,https://doi.org/10.1007/3-540-57868-4_57,1994,,,,,,0,Variation of Relief,,,,,No
Basti,Yes,ReliefF,https://link.springer.com/content/pdf/10.1023/A:1008280620621.pdf,1997,https://github.com/jundongl/scikit-feature/blob/48cffad4e88ff4b9d2f1c7baffb314d1b3303792/skfeature/function/similarity_based/reliefF.py,2016,No,,"Filter Methods for Feature Selection in Supervised Machine Learning Applications, Benchmark study of feature selection strategies for multi‑omics data, Feature Selection: A Data Perspective, ROOFS: Robust Bio Marker Feature Selection, A review of feature selection methods with applications, Feature Selection for Classification: A Review, Competitive baseline methods set new standards for the NIPS 2003 feature selection benchmark, A survey on feature selection methods, A review of feature selection methods on synthetic data, Filter methods",10,"This is the most cited Relief-version and I think it is a basic one, that still is applicable to all cases",,,,,Yes
Basti,"Too few citations, Variation of another method",Relief Kukar,https://doi.org/10.1016/s0933-3657(98)00063-3,1999,,,,,"Filter Methods for Feature Selection in Supervised Machine Learning Applications, ROOFS: Robust Bio Marker Feature Selection",2,,,,,,No
Basti,"Too few citations, Variation of another method",Myopic ReliefF,https://link.springer.com/chapter/10.1007/3-540-57868-4_57,1994,,,,,Filter Methods for Feature Selection in Supervised Machine Learning Applications,1,,,,,,No
Basti,"Too few citations, Variation of another method",MDL,https://link.springer.com/chapter/10.1007/3-540-57868-4_57,1994,,,,,"Filter Methods for Feature Selection in Supervised Machine Learning Applications, Filter methods",2,,,,,,No
Basti,"Too few citations, Variation of another method",MDL Lamp,https://doi.org/10.1023/A:1025667309714,2003,,,,,Filter Methods for Feature Selection in Supervised Machine Learning Applications,1,,,,,,No
Basti,"Too few citations, Variation of another method",ReliefF averaged costs,https://doi.org/10.1023/A:1025667309714,2003,,,,,Filter Methods for Feature Selection in Supervised Machine Learning Applications,1,,,,,,No
Basti,"Too few citations, Variation of another method",ReliefF equal K,https://doi.org/10.1023/A:1025667309714,2003,,,,,Filter Methods for Feature Selection in Supervised Machine Learning Applications,1,,,,,,No
Basti,"Too few citations, Variation of another method",ReliefF expected costs,https://doi.org/10.1023/A:1025667309714,2003,,,,,Filter Methods for Feature Selection in Supervised Machine Learning Applications,1,,,,,,No
Basti,"Too few citations, Variation of another method",ReliefF expected rank,https://doi.org/10.1023/A:1025667309714,2003,,,,,Filter Methods for Feature Selection in Supervised Machine Learning Applications,1,,,,,,No
Basti,"Too few citations, Variation of another method",ReliefF avg probablity,https://doi.org/10.1023/A:1025667309714,2003,,,,,Filter Methods for Feature Selection in Supervised Machine Learning Applications,1,,,,,,No
Basti,"Too few citations, Variation of another method",ReliefF expected probability,https://doi.org/10.1023/A:1025667309714,2003,,,,,Filter Methods for Feature Selection in Supervised Machine Learning Applications,1,,,,,,No
Basti,"Too few citations, Variation of another method",ReliefF cost-sensitive sampling,https://doi.org/10.1023/A:1025667309714,2003,,,,,Filter Methods for Feature Selection in Supervised Machine Learning Applications,1,,,,,,No
Basti,"Too few citations, Variation of another method",ReliefF squared distance,https://doi.org/10.1023/A:1025667309714,2003,,,,,Filter Methods for Feature Selection in Supervised Machine Learning Applications,1,,,,,,No
Basti,"Too few citations, Variation of another method",ReliefF distance,https://doi.org/10.1023/A:1025667309714,2003,,,,,Filter Methods for Feature Selection in Supervised Machine Learning Applications,1,,,,,,No
Basti,"No, Too few citations",dist angle,Cosine of angular distance between splits,,,,,,Filter Methods for Feature Selection in Supervised Machine Learning Applications,1,,,,,,No
Basti,"No, Too few citations",dist euclid,Euclidean distance between splits,,,,,,"Filter Methods for Feature Selection in Supervised Machine Learning Applications, A survey of feature selection and feature extraction techniques in machine learning",2,,,,,,No
Basti,"No, Too few citations",dist hellinger,Hellinger distance between class distributions in branches,,,,,,Filter Methods for Feature Selection in Supervised Machine Learning Applications,1,,,,,,No
Basti,"No, Too few citations",equal hellinger,Two equally weighted splits based Hellinger distance,,,,,,Filter Methods for Feature Selection in Supervised Machine Learning Applications,1,,,,,,No
Basti,Yes,CFS (Hall),https://doi.org/10.1109/CESYS.2018.8723980,1999,,,,,"Filter Methods for Feature Selection in Supervised Machine Learning Applications, Feature Selection: A Data Perspective, A review of feature selection methods with applications, A review of feature selection techniques in bioinformatics, A review of feature selection methods on synthetic data, Benchmark study of feature selection strategies for multi‑omics data, Filter methods, A survey of feature selection and feature extraction techniques in machine learning",8,,,,,,Yes
Basti,Yes,Pearson Correlation Coefficient,https://doi.org/10.1007/978-3-540-87481-2_21,2008,,,,,"A survey on feature selection methods, Filter methods, Robust feature selection using ensemble feature selection techniques, An Introduction to Variable and Feature Selection",4,"This is not the historic paper, but the formula is provided",,,,,"Yes, to verify"
Basti,Too few citations,Spearman Correlation Coefficient,https://doi.org/10.1007/978-3-540-87481-2_21,2008,,,,,"ROOFS: Robust Bio Marker Feature Selection, Robust feature selection using ensemble feature selection techniques",2,"This is not the historic paper, but the formula is provided. It is called hierarchical culstering in the ROOFS benchmark",,,,,No
Basti,Too few citations,Jaccard Index,https://doi.org/10.1007/978-3-540-87481-2_21,2008,,,,,Robust feature selection using ensemble feature selection techniques,1,"This is not the historic paper, but the formula is provided",,,,,No
Basti,Too few citations,Feature Similarity (Mahalanobis),https://www.jstor.org/stable/48723335,1936,This is the cited paper: https://www.proquest.com/dissertations-theses/spectral-feature-selection-mining-ultrahigh/docview/757228669/se-2 ,,,,Recent advances in feature selection and its applications,1,,,,,,No
Basti,Too few citations,SPFS-SFS,https://doi.org/10.1109/TKDE.2011.222,2013,,,,,A Survey on Feature Selection,1,,,,,,No
Basti,Yes,Consistency,https://scispace.com/pdf/consistency-based-feature-selection-33w8ejugqf.pdf,2000,,,,,"Filter Methods for Feature Selection in Supervised Machine Learning Applications, A review of feature selection methods on synthetic data, Filter methods",3,Follow-up paper: https://doi.org/10.1016/S0004-3702(03)00079-1 ,,,,,Yes
Basti,Too few citations,Inconsistency criterion,https://api.semanticscholar.org/CorpusID:17123515,1996,,,,,A review of feature selection methods with applications,1,"It is also based on inconcistency, I think this is all from the same author, the methods are not that different",,,,,No
Basti,Yes,chi squared,https://doi.org/10.1109/TAI.1995.479783,1995,https://github.com/scikit-learn/scikit-learn/blob/b345ff7cadeb9f80035041e9bdf931cc695413d5/sklearn/feature_selection/_univariate_selection.py#L200,2025,No,,"Benchmark for filter methods for feature selection in high-dimensional classification data, Filter Methods for Feature Selection in Supervised Machine Learning Applications, Feature Selection: A Data Perspective, A review of feature selection methods with applications, Evaluation of feature selection methods for text classification with small datasets using multiple criteria decision-making methods, Filter methods",6,Uses consistency,,,,,Yes
Basti,Yes,Laplacian score,https://proceedings.neurips.cc/paper_files/paper/2005/file/b5b03f06271f8917685d14cea7c6c50a-Paper.pdf,2005,https://github.com/jundongl/scikit-feature/blob/master/skfeature/function/similarity_based/lap_score.py,2015,No,"None, #features","A Survey on semi-supervised feature selection methods, Feature Selection: A Data Perspective, A Survey on Feature Selection, A review of feature selection methods with applications, Semi-supervised Feature Selection via Spectral Analysis",5,,,,,,Yes
Basti,"Too few citations, Variation of another method",OSCAR,https://doi.org/10.1111/j.1541-0420.2007.00843.x,2008,,,,,Feature Selection for Classification: A Review,1,,,,,,No
Basti,"Too few citations, Variation of another method",Graph FS (GOSCAR),https://doi.org/10.1145/2339530.2339675,2012,,,,,"Feature Selection: A Data Perspective, Feature Selection for Classification: A Review",2,,,,,,No
Basti,"Yes, No, Variation of another method",Spectral FS (SPEC),https://doi.org/10.1145/1273496.1273641,2007,,,,,"Feature Selection: A Data Perspective, A Survey on Feature Selection, A review of feature selection methods with applications",3,"Cited three times, but we do not necessarily need to include it IMO, because ReliefF and Laplacian Score are special cases of the proposed framework",,,,,"In Progress, but not sure if we should include it"
Basti,Too few citations,Constraint score,https://doi.org/10.1016/j.patcog.2007.10.009,2008,,,,,A Survey on semi-supervised feature selection methods,1,,,,,,No
Basti,Too few citations,NDFS,https://doi.org/10.1609/aaai.v26i1.8289,2012,,,,,"A Survey on Feature Selection, Feature Selection: A Data Perspective",2,,,,,,No
Basti,"Yes, Variation of another method",MCFS,https://doi.org/10.1145/1835804.1835848,2010,,,,,"Feature Selection: A Data Perspective, A Survey on Feature Selection, A review of feature selection methods with applications",3,Combination of Graph for nearest neighbors with lasso regularization,,,,,"In Progress, but not sure if we should include it"
Basti,"Too few citations, Variation of another method",EUFS,https://doi.org/10.1609/aaai.v29i1.9211,2015,,,,,A Survey on Feature Selection,1,,,,,,No
Basti,"Too few citations, Variation of another method",GFLasso,https://doi.org/10.1371/journal.pgen.1000587,2009,,,,,Feature Selection for Classification: A Review,1,,,,,,No
"Basti, Ricardo, Dominika",Yes,Lasso (L1),https://doi.org/10.1111/j.2517-6161.1996.tb02080.x,1996,,,,,"A Performance-Driven Benchmark for Feature Selection in Tabular Deep Learning, Benchmark study of feature selection strategies for multi‑omics data, Feature Selection: A Data Perspective, ROOFS: Robust Bio Marker Feature Selection, Stability selection, Variable selection - A review and recommendations for the practicing statistician, Feature selection: a review and comparative study, A review of feature selection methods with applications",8,"This is the original lasso paper or maybe this one https://www.aliquote.org/pub/tibshirani_1997_StatsMed.pdf, there is also a later version, which is cited once (https://doi.org/10.1093/bib/bbn027) ",,,,,Yes
Basti,"Too few citations, Variation of another method",1L Lasso,,,,,,,A Performance-Driven Benchmark for Feature Selection in Tabular Deep Learning,1,,,,,,No
Basti,"Yes, Variation of another method",Group Lasso,https://doi.org/10.48550/arXiv.2010.08097,2020,,,,,"A Performance-Driven Benchmark for Feature Selection in Tabular Deep Learning, Feature Selection: A Data Perspective, Feature Selection for Classification: A Review",3,,,,,,"In Progress, but not sure if we should include it"
Basti,"Too few citations, Variation of another method",Lasso Net,https://doi.org/10.48550/arXiv.1907.12207,2019,,,,,A Performance-Driven Benchmark for Feature Selection in Tabular Deep Learning,1,,,,,,No
Basti,"Too few citations, Variation of another method",Tree Lasso,https://doi.org/10.48550/arXiv.2311.05877,2023,,,,,A Performance-Driven Benchmark for Feature Selection in Tabular Deep Learning,1,"The paper is not a benchmark, it's a method paper",,,,,No
Basti,"Too few citations, Variation of another method","Tree
structured group Lasso",https://proceedings.neurips.cc/paper_files/paper/2010/file/d490d7b4576290fa60eb31b5fc917ad1-Paper.pdf,2010,,,,,Feature Selection: A Data Perspective,1,,,,,,No
Basti,"Too few citations, Variation of another method",Tree-guided group Lasso,,,,,,,Feature Selection for Classification: A Review,1,,,,,,No
Basti,"Too few citations, Variation of another method",Stabl Lasso,,,,,,,ROOFS: Robust Bio Marker Feature Selection,1,,,,,,No
Basti,"Too few citations, Variation of another method",GF Lasso,https://doi.org/10.1371/journal.pgen.1000587,2009,,,,,Feature Selection: A Data Perspective,1,,,,,,No
Basti,"Too few citations, Variation of another method",Adaptive Lasso,,,,,,,"ROOFS: Robust Bio Marker Feature Selection, Feature Selection for Classification: A Review",2,,,,,,No
Basti,"Too few citations, Variation of another method",Bolasso,,,,,,,ROOFS: Robust Bio Marker Feature Selection,1,,,,,,No
Basti,"Too few citations, Variation of another method",Exclusive Lasso,,,,,,,ROOFS: Robust Bio Marker Feature Selection,1,,,,,,No
Basti,"Too few citations, Variation of another method",HSIC Lasso,,,,,,,ROOFS: Robust Bio Marker Feature Selection,1,,,,,,No
Basti,"Too few citations, Variation of another method",Sparse Group Lasso,,,,,,,Feature Selection for Classification: A Review,1,,,,,,No
Basti,"Too few citations, Variation of another method",Randomized Lasso,,,f,,,,Stability selection,1,,,,,,No
"Basti, Dominika",Yes,Elastic net,https://doi.org/10.1111/j.1467-9868.2005.00503.x,2005,,,,,"Feature Selection for Classification: A Review, A review of feature selection methods with applications, Benchmark study of feature selection strategies for multi‑omics data",3,,,,,,Yes
Basti,"Too few citations, Variation of another method",Repeated Elastic Net Technique (RENT),https://doi.org/10.1109/ACCESS.2021.3126429,2021,,,,,ROOFS: Robust Bio Marker Feature Selection,1,,,,,,No
Basti,Too few citations,Interaction Capping,https://www.jmlr.org/papers/volume12/jenatton11b/jenatton11b.pdf,2011,,,,,"Feature Selection: A Data Perspective, Conditional Likelihood Maximisation: A Unifying Framework for Information Theoretic Feature Selection",2,,,,,,No
Basti,"Too few citations, Variation of another method",UDFS,https://doi.org/10.5591/978-1-57735-516-8/IJCAI11-267,2011,,,,,"Feature Selection: A Data Perspective, A Survey on Feature Selection",2,"New usage of regularization, is a variation of lasso regularization IMO",,,,,No
Basti,"Too few citations, Variation of another method",Grafting,https://www.jmlr.org/papers/volume3/perkins03a/perkins03a.pdf,2003,,,,,"Feature Selection: A Data Perspective, Feature Selection for Classification: A Review",2,They are using a combination of l012 regularization,,,,,No
Basti,Too few citations,Logistic Regression Coefficients,No formula provided,,,,,,ROOFS: Robust Bio Marker Feature Selection,1,It is called LR-RFE in the ROOFS benchmark,,,,,No
Basti,"Wrong data domain, Too few citations",LIME (Images),https://doi.org/10.48550/arXiv.1602.04938,2019,https://github.com/marcotcr/lime,,,,Explaining by removing: a unified framework for model explanation,1,This is a method for Images,,,,,No
Basti,"Wrong data domain, Too few citations",Minimal image representation (MIR),https://doi.org/10.48550/arXiv.1412.6856,2014,,,,,Explaining by removing: a unified framework for model explanation,1,This is a method for Images,,,,,No
Basti,"Wrong data domain, Too few citations",Sparse-based filter method,https://doi.org/10.1109/TNNLS.2014.2314123,2015,,,,,A Survey on semi-supervised feature selection methods,1,This is a method for Videos,,,,,No
Basti,"Wrong data domain, Too few citations",LinkedFS,https://doi.org/10.1137/1.9781611972825.11,2012,,,,,Feature Selection: A Data Perspective,1,Linked Data,,,,,No
Basti,"Wrong data domain, Too few citations",LUFS,https://doi.org/10.1145/2339530.2339673,2012,,,,,Feature Selection: A Data Perspective,1,Linked Data,,,,,No
Basti,"Wrong data domain, Too few citations",NetFS,https://doi.org/10.1109/ICDM.2016.0127,2016,,,,,Feature Selection: A Data Perspective,1,Linked Data,,,,,No
Basti,"Wrong data domain, Too few citations",USFS,https://doi.org/10.1145/2806416.2806501,2015,,,,,Feature Selection: A Data Perspective,1,Streamed Data,,,,,No
Basti,"Wrong data domain, Too few citations",OSFS,https://icml.cc/Conferences/2010/papers/238.pdf,2010,,,,,"Feature Selection: A Data Perspective, Feature Selection for Classification: A Review",2,Streamed Data,,,,,No
Basti,"Wrong data domain, Too few citations",FSDS,https://doi.org/10.1145/2806416.2806521,2015,,,,,Feature Selection: A Data Perspective,1,Streamed Data,,,,,No
Basti,"Wrong data domain, Too few citations",OFS,https://doi.org/10.1109/TKDE.2013.32,2014,,,,,Online feature selection and its applications,1,Streamed Data,,,,,No
Basti,"Wrong data domain, Too few citations",GDCOV,https://dl.acm.org/doi/10.5555/3053814.3053817,2008,,,,,Feature Selection: A Data Perspective,1,"This is not a real Tabular Feature Selection Method, they are using data of different sources",,,,,No
Basti,"Wrong data domain, Too few citations",AUMFS,https://doi.org/10.1007/978-3-642-37331-2_26,2013,,,,,Feature Selection: A Data Perspective,1,"This is not a real Tabular Feature Selection Method, they are using data of different sources",,,,,No
Basti,"Wrong data domain, Too few citations",MVFS,https://doi.org/10.1137/1.9781611972832.30,2013,,,,,Feature Selection: A Data Perspective,1,"This is not a real Tabular Feature Selection Method, they are using data of different sources",,,,,No
Basti,Too few citations,Alpha-Investing,https://doi.org/10.1145/1081870.1081914,2005,,,,,"Feature Selection: A Data Perspective, Feature Selection for Classification: A Review",2,,,,,,No
Basti,Too few citations,LS (Flip) best improve,,,,,,None,Arnaud,0,"I think there is no proof for the usage in literature. We could still choose to include it, the implementation is already done",,,,,Yes
Basti,Too few citations,LS (Flip Swap) first improve,,,,,,,Arnaud,0,"I think there is no proof for the usage in literature. We could still choose to include it, the implementation is already done",,,,,"In Progress, but not sure if we should include it"
Basti,"Yes, Wrong data domain",Markov blanket,http://ilpubs.stanford.edu:8090/208/,1996,,,,,"A review of feature selection techniques in bioinformatics, An Introduction to Variable and Feature Selection, Feature Selection: A Data Perspective",3,,,,,,"Yes, to verify"
Basti,"No, Variation of another method",SVM-RFE,https://doi.org/10.1023/A:1012487302797,2002,,,,,"A survey on feature selection methods, Feature selection: a review and comparative study, Robust feature selection using ensemble feature selection techniques, A review of feature selection methods on synthetic data, A survey of feature selection and feature extraction techniques in machine learning, Feature Selection: A Data Perspective",6,This is just one particular case of SBE/RFE using a SVM model,,,,,No
"Ricardo, Basti",Yes,SFS (sequential forward selection),https://scikit-learn.org/stable/modules/feature_selection.html#sequential-feature-selection,,,,,,"Ricardo, Arnaud, A Survey on Evolutionary Computation Approaches to Feature Selection, Wrappers for feature subset selection, An Introduction to Variable and Feature Selection, A review of feature selection techniques in bioinformatics, A survey on feature selection methods, Feature selection: a review and comparative study, Overfitting in making comparisons between variable selection methods, Feature selection: Evaluation application and small sample performance, Conditional Likelihood Maximisation: A Unifying Framework for Information Theoretic Feature Selection, Variable selection - A review and recommendations for the practicing statistician",10,,,,,,In Progress
"Ricardo, Basti",Yes,SBE (sequential backward elimination),https://scikit-learn.org/stable/modules/feature_selection.html#sequential-feature-selection,,,,,,"Ricardo, Arnaud, Wrappers for feature subset selection, A review of feature selection techniques in bioinformatics, An Introduction to Variable and Feature Selection, Robust feature selection using ensemble feature selection techniques, Benchmark study of feature selection strategies for multi‑omics data, Variable selection - A review and recommendations for the practicing statistician, Conditional Likelihood Maximisation: A Unifying Framework for Information Theoretic Feature Selection, Feature selection: Evaluation application and small sample performance",8,Sometimes called RFE (recursive feature elimination) or SBS (sequential backward selection),,,,,In Progress
Basti,"Yes, Variation of another method",SFFS,https://doi.org/10.1016/0167-8655(94)90127-9,1994,,,,,"Overfitting in making comparisons between variable selection methods, A review of feature selection methods with applications, A survey on feature selection methods",3,"Based on SFS, maybe we don't need this",,,,,"In Progress, but not sure if we should include it"
Basti,"Yes, Variation of another method, Too few citations",SFBE,https://doi.org/10.1016/0167-8655(94)90127-9,1994,,,,,"Feature selection: Evaluation application and small sample performance, A review of feature selection methods with applications",2,"Based on SBE, maybe we can exclude it (also due to few citations)",,,,,"In Progress, but not sure if we should include it"
"Basti, Ricardo","No, Too few citations",univariate model score,,,,,,,Benchmark for filter methods for feature selection in high-dimensional classification data,1,"Fits a model for each feature in which only this feature is used to predict the class variable. Based on these models, the predictive performance of all features is assessed and the resulting filter score is Junivariate.model.score(Xk)=accuracy of univariate predictive model that only uses Xk --> possible not only based on predictive performance, but also on univariate linear model with largest coefficient magnitude (Pearson correlation coefficient magnitude)",,,,,No
Basti,Too few citations,Genetic Algorithm (Siedlecki),https://doi.org/10.1016/0167-8655(89)90037-8,1989,,,,,"Feature selection: Evaluation application and small sample performance, A Survey on Evolutionary Computation Approaches to Feature Selection",2,,,,,,No
Basti,Too few citations,Genetic Algorithm (Yang),https://doi.org/10.1109/5254.671091,2002,,,,,"A Survey on Evolutionary Computation Approaches to Feature Selection, Benchmark study of feature selection strategies for multi‑omics data",2,,,,,,No
Basti,"Too few citations, TBD",MAFESE,https://doi.org/10.1016/j.future.2024.06.006,2024,https://github.com/thieu1995/mafese,2025,,#features,How Usable is Automated Feature Engineering for Tabular Data,1,"This is a library, not an algorithm, even if ",,,,,Yes
Basti,Our Method,TabFS,Dominika,2026,None,,,,,0,,,,,,Yes
Basti,Our Method,MetaFS,Bastian,2025,None,2025,,"Time, Memory",,0,,,,,,Yes
Basti,Too few citations,AISCBR,https://doi.org/10.1016/j.asoc.2011.05.054,2011,,,,,A Survey on Evolutionary Computation Approaches to Feature Selection,1,"Evolutionary Computing, probably nonsense",,,,,
Basti,Too few citations,IAIRS,https://doi.org/10.1016/j.knosys.2014.07.013,2014,,,,,,0,"Evolutionary Computing, probably nonsense",,,,,
Basti,Too few citations,bumble bees mating optimization FS,https://doi.org/10.1007/s13042-014-0276-7,2014,,,,,A Survey on Evolutionary Computation Approaches to Feature Selection,1,"Evolutionary Computing, probably nonsense",,,,,
Basti,Too few citations,bee colony approach FS,https://doi.org/10.1109/CEC.2015.7257185,2015,,,,,A Survey on Evolutionary Computation Approaches to Feature Selection,1,"Evolutionary Computing, probably nonsense",,,,,
Basti,Too few citations,Evolution Strategy FS,https://doi.org/10.1109/CEC.2009.4982945,2009,,,,,A Survey on Evolutionary Computation Approaches to Feature Selection,1,"Evolutionary Computing, probably nonsense",,,,,
Basti,Too few citations,SOD-LSC,https://doi.org/10.1145/2576768.2598371,2014,,,,,A Survey on Evolutionary Computation Approaches to Feature Selection,1,"Evolutionary Computing, probably nonsense",,,,,
Basti,Too few citations,XCSCF^2,https://doi.org/10.1145/2598394.2611383,2014,,,,,A Survey on Evolutionary Computation Approaches to Feature Selection,1,"Evolutionary Computing, probably nonsense",,,,,
Basti,Too few citations,MBEGA,https://doi.org/10.1016/j.patcog.2007.02.007,2007,,,,,A Survey on Evolutionary Computation Approaches to Feature Selection,1,,,,,,
Basti,Too few citations,MA-C,https://doi.org/10.1016/j.knosys.2010.03.016,2010,,,,,A Survey on Evolutionary Computation Approaches to Feature Selection,1,,,,,,
Basti,Too few citations,Combined Ant Colony and Differential Evolution FS Algorithm,https://doi.org/10.1007/978-3-540-87527-7_1,2008,,,,,A Survey on Evolutionary Computation Approaches to Feature Selection,1,,,,,,
Basti,Too few citations,DE 2,https://doi.org/10.1080/10556788.2013.834900,2014,,,,,A Survey on Evolutionary Computation Approaches to Feature Selection,1,,,,,,
Basti,Too few citations,ACO 1,https://doi.org/10.1007/978-3-540-25948-0_31,2004,,,,,A Survey on Evolutionary Computation Approaches to Feature Selection,1,,,,,,
Basti,Too few citations,ACO 2,https://doi.org/10.1109/CEC.2010.5586080,2010,,,,,A Survey on Evolutionary Computation Approaches to Feature Selection,1,,,,,,
Basti,Too few citations,ACO 3,https://doi.org/10.1016/j.sigpro.2012.10.022,2012,,,,,A Survey on Evolutionary Computation Approaches to Feature Selection,1,,,,,,
Basti,Too few citations,ACO 4,https://doi.org/10.1016/j.asoc.2014.07.024,2014,,,,,A Survey on Evolutionary Computation Approaches to Feature Selection,1,,,,,,
Basti,Too few citations,PSO 1,https://doi.org/10.1016/j.ejor.2010.02.032,2010,,,,,A Survey on Evolutionary Computation Approaches to Feature Selection,1,,,,,,
Basti,Too few citations,PSO 2,https://doi.org/10.1109/TSMCB.2012.2227469,2013,,,,,A Survey on Evolutionary Computation Approaches to Feature Selection,1,,,,,,
Basti,Too few citations,PSO 3,https://doi.org/10.1021/jm0104668,2002,,,,,A Survey on Evolutionary Computation Approaches to Feature Selection,1,,,,,,
Basti,Too few citations,GP 1,https://doi.org/10.1109/TSMCB.2005.854499,2006,,,,,A Survey on Evolutionary Computation Approaches to Feature Selection,1,,,,,,
Basti,Too few citations,GP 2,https://doi.org/10.1109/CEC.2010.5586536,2010,,,,,A Survey on Evolutionary Computation Approaches to Feature Selection,1,,,,,,
Basti,Too few citations,GP 3,https://doi.org/10.1007/978-3-642-29139-5_9,2012,,,,,A Survey on Evolutionary Computation Approaches to Feature Selection,1,,,,,,
Basti,Too few citations,GA 1,https://doi.org/10.1016/0167-8655(89)90037-8,1989,,,,,A Survey on Evolutionary Computation Approaches to Feature Selection,1,,,,,,
Basti,Too few citations,GA 2,https://doi.org/10.1016/j.patcog.2009.06.009,2010,,,,,A Survey on Evolutionary Computation Approaches to Feature Selection,1,,,,,,
Basti,Too few citations,GA 3,https://doi.org/10.1057/jors.2013.72,2014,,,,,A Survey on Evolutionary Computation Approaches to Feature Selection,1,,,,,,
Dominika,Too few citations,signal-to-noise (SNR),https://doi.org/10.1016/j.patrec.2007.02.014,2007,The Spider Package (page unavailable). Probably this one is up to date.,,,,Competitive baseline methods set new standards for the NIPS 2003 feature selection benchmark,1,Implementation not available in the new package.,,,,,
Dominika,Too few citations,true positives (TP),https://doi.org/10.1016/j.patrec.2007.02.014,2007,The Spider Package (page unavailable). Probably this one is up to date.,,,,Competitive baseline methods set new standards for the NIPS 2003 feature selection benchmark,1,Implementation not available in the new package.,,,,,
Basti,Too few citations,IME (2009),,,,,,,Explaining by removing: a unified framework for model explanation,1,,,,,,
Basti,Too few citations,IME (2010),,,,,,,Explaining by removing: a unified framework for model explanation,1,,,,,,
Basti,Too few citations,QII,https://doi.org/10.1109/SP.2016.42,2016,,,,,Explaining by removing: a unified framework for model explanation,1,,,,,,
Basti,Too few citations,SPVIM,,,,,,,Explaining by removing: a unified framework for model explanation,1,,,,,,
Basti,Too few citations,Permutation Test,https://doi.org/10.1023/A:1010933404324,2001,,,,,Explaining by removing: a unified framework for model explanation,1,,,,,,
Basti,Too few citations,Conditional Perm. Test,https://doi.org/10.1186/1471-2105-9-307,2008,,,,,Explaining by removing: a unified framework for model explanation,1,,,,,,
Basti,Too few citations,Feature Ablation (LOCO),,,,,,,Explaining by removing: a unified framework for model explanation,1,,,,,,
Basti,Too few citations,Univariate Predictors,,,,,,,Explaining by removing: a unified framework for model explanation,1,,,,,,
Basti,Too few citations,L2X,,,,,,,Explaining by removing: a unified framework for model explanation,1,,,,,,
Basti,Too few citations,REAL-X,,,,,,,Explaining by removing: a unified framework for model explanation,1,,,,,,
Basti,Too few citations,INVASE,,,,,,,Explaining by removing: a unified framework for model explanation,1,,,,,,
Basti,Too few citations,LIME (Tabular),https://dl.acm.org/doi/pdf/10.5555/3546258.3546467,2021,,,,,Explaining by removing: a unified framework for model explanation,1,,,,,,
Basti,Too few citations,PredDiﬀ,https://doi.org/10.48550/arXiv.1702.04595,2017,,,,,Explaining by removing: a unified framework for model explanation,1,,,,,,
Basti,Too few citations,Occlusion,https://doi.org/10.48550/arXiv.1311.2901,2014,,,,,Explaining by removing: a unified framework for model explanation,1,,,,,,
Basti,Too few citations,CXPlain,https://doi.org/10.48550/arXiv.1910.12336,2019,,,,,Explaining by removing: a unified framework for model explanation,1,,,,,,
Basti,Too few citations,RISE,https://doi.org/10.48550/arXiv.1806.07421,2018,,,,,Explaining by removing: a unified framework for model explanation,1,,,,,,
Basti,Too few citations,MM,https://doi.org/10.48550/arXiv.1705.07857,2017,,,,,Explaining by removing: a unified framework for model explanation,1,,,,,,
Basti,Too few citations,Meaningful Perturbations (MP),https://doi.org/10.1109/ICCV.2017.371,2017,,,,,Explaining by removing: a unified framework for model explanation,1,,,,,,
Basti,Too few citations,"Extremal
Perturbations (EP)",https://doi.org/10.48550/arXiv.1910.08485,2019,,,,,Explaining by removing: a unified framework for model explanation,1,,,,,,
Basti,Too few citations,FIDO-CA,https://doi.org/10.48550/arXiv.1807.08024,2018,,,,,Explaining by removing: a unified framework for model explanation,1,(Generative model),,,,,
Basti,Too few citations,Orthogonal Matching Pursuit,https://doi.org/10.1109/78.258082,1993,,,,,Stability selection,1,,,,,,
Basti,Too few citations,Koller-Sahami metric (KS),https://ai.stanford.edu/~koller/Papers/Koller+Sahami:ICML96.pdf,1996,,,,,Conditional Likelihood Maximisation: A Unifying Framework for Information Theoretic Feature Selection,1,,,,,,
Basti,Too few citations,IF,https://doi.org/10.1109/ICCV.2003.1238356,2003,,,,,Conditional Likelihood Maximisation: A Unifying Framework for Information Theoretic Feature Selection,1,,,,,,
Basti,Too few citations,MinRed,https://doi.org/10.1007/978-3-540-35488-8,2006,,,,,Conditional Likelihood Maximisation: A Unifying Framework for Information Theoretic Feature Selection,1,,,,,,
Basti,Too few citations,Interaction Gain FS,https://api.semanticscholar.org/CorpusID:13975272,2008,,,,,Conditional Likelihood Maximisation: A Unifying Framework for Information Theoretic Feature Selection,1,,,,,,
Basti,Too few citations,SOA,https://doi.org/10.1109/TSMCA.2008.2007977,2009,,,,,Conditional Likelihood Maximisation: A Unifying Framework for Information Theoretic Feature Selection,1,,,,,,
Basti,Too few citations,"Feature selection for
sparse clustering",https://doi.org/10.1198/jasa.2010.tm09415,2010,,,,,A review of feature selection methods with applications,1,,,,,,
Basti,Too few citations,Relief C,https://doi.org/10.1109/ICTAI.2011.135,2011,,,,,A review of feature selection methods with applications,1,,,,,,
Basti,Too few citations,Feature Weighting k means,https://link.springer.com/content/pdf/10.1023/A:1024016609528.pdf,2003,,,,,A review of feature selection methods with applications,1,,,,,,
Basti,Too few citations,"Localized Feature
Selection Based on
Scatter Separability
(LFSBSS)",https://doi.org/10.1016/j.patrec.2007.08.012,2008,,,,,A review of feature selection methods with applications,1,,,,,,
Basti,Too few citations,FOCUS,,,,,,,Wrappers for feature subset selection,1,,,,,,
Basti,Too few citations,ID3,,,,,,,Wrappers for feature subset selection,1,,,,,,
Basti,Too few citations,NB,,,,,,,Wrappers for feature subset selection,1,,,,,,
Basti,Too few citations,Bayesian,,,,,,,A review of feature selection techniques in bioinformatics,1,,,,,,
Basti,Too few citations,Regression,,,,,,,A review of feature selection techniques in bioinformatics,1,,,,,,
Basti,Too few citations,Gamma,,,,,,,A review of feature selection techniques in bioinformatics,1,,,,,,
Basti,Too few citations,Wilcoxon rank sum,,,,,,,A review of feature selection techniques in bioinformatics,1,,,,,,
Basti,Too few citations,BSS/WSS,,,,,,,A review of feature selection techniques in bioinformatics,1,,,,,,
Basti,Too few citations,Rank products,,,,,,,A review of feature selection techniques in bioinformatics,1,,,,,,
Basti,Too few citations,Random permutations,,,,,,,A review of feature selection techniques in bioinformatics,1,,,,,,
Basti,Too few citations,TNoM,,,,,,,A review of feature selection techniques in bioinformatics,1,,,,,,
Basti,Too few citations,Bivariate,,,,,,,A review of feature selection techniques in bioinformatics,1,,,,,,
Basti,Too few citations,USC,,,,,,,A review of feature selection techniques in bioinformatics,1,,,,,,
Basti,Too few citations,Modified Perceptron by Truncation for OFS,,,,,,,Online feature selection and its applications,1,,,,,,
Basti,Too few citations,Correlation Coefficient,,,,,,,A survey of feature selection and feature extraction techniques in machine learning,1,,,,,,
Basti,Too few citations,BW-Ratio,,,,,,,A survey of feature selection and feature extraction techniques in machine learning,1,,,,,,
Basti,Too few citations,PAM,,,,,,,A survey of feature selection and feature extraction techniques in machine learning,1,,,,,,
Basti,Too few citations,PCA,,,,,,,A survey of feature selection and feature extraction techniques in machine learning,1,,,,,,
Basti,Too few citations,LFS (lazy feature selection,,,,,,,A survey on feature selection methods,1,,,,,,
Basti,Too few citations,Heuristic Search (GA),,,,,,,A survey on feature selection methods,1,,,,,,
Basti,Too few citations,Ridge (L2),,,,,,,Feature selection: a review and comparative study,1,,,,,,
Basti,Too few citations,GSFS,,,,,,,Feature selection: Evaluation application and small sample performance,1,,,,,,
Basti,Too few citations,GSBE,,,,,,,Feature selection: Evaluation application and small sample performance,1,,,,,,
Basti,Too few citations,BAB,https://doi.org/10.1109/TC.1977.1674939,1977,,,,,Feature selection: Evaluation application and small sample performance,1,,,,,,
Basti,Too few citations,BAB*,https://doi.org/10.1016/0031-3203(93)90054-Z,1993,,,,,Feature selection: Evaluation application and small sample performance,1,,,,,,
Basti,Too few citations,NP (node pruning),https://doi.org/10.1109/ICPR.1994.577060,1994,,,,,Feature selection: Evaluation application and small sample performance,1,,,,,,
Basti,Too few citations,WrapperSubsetEval,http://www.cs.waikato.ac.nz/ml/weka/,2005,,,,,A review of feature selection methods on synthetic data,1,,,,,,
Basti,Too few citations,FS-P,"Mejía-Lavalle, Manuel, Enrique Sucar, and Gustavo Arroyo. ""Feature selection with a perceptron neural net."" Proceedings of the international workshop on feature selection for data mining. 2006.",2006,,,,,A review of feature selection methods on synthetic data,1,,,,,,
Basti,Too few citations,Md (measure of monotone dependence),https://doi.org/10.1109/ICMLA.2010.148,2010,,,,,A review of feature selection methods on synthetic data,1,,,,,,
Basti,Too few citations,Document Frequency,,,,,,,Evaluation of feature selection methods for text classification with small datasets using multiple criteria decision-making methods,1,,,,,,
Basti,Too few citations,Distinguishing Feature Selector,,,,,,,Evaluation of feature selection methods for text classification with small datasets using multiple criteria decision-making methods,1,,,,,,
Basti,Too few citations,Expected Cross Entropy,,,,,,,Evaluation of feature selection methods for text classification with small datasets using multiple criteria decision-making methods,1,,,,,,
Basti,Too few citations,Odds Ratio,,,,,,,Evaluation of feature selection methods for text classification with small datasets using multiple criteria decision-making methods,1,,,,,,
Basti,Too few citations,Weighted Log Likelihood Ratio,,,,,,,Evaluation of feature selection methods for text classification with small datasets using multiple criteria decision-making methods,1,,,,,,
Basti,Too few citations,Stability Selection,,,,,,,ROOFS: Robust Bio Marker Feature Selection,1,,,,,,
Basti,Too few citations,EDDI-GG,https://doi.org/10.48550/arXiv.1809.11142,2019,,,,,AFABench: A Generic Framework for Benchmarking Active Feature Acquisition,1,,,,,,
Basti,Too few citations,GDFS-DG,https://doi.org/10.48550/arXiv.2301.00557,2023,,,,,AFABench: A Generic Framework for Benchmarking Active Feature Acquisition,1,,,,,,
Basti,Too few citations,DIME-DG,https://doi.org/10.48550/arXiv.2306.03301,2023,,,,,AFABench: A Generic Framework for Benchmarking Active Feature Acquisition,1,,,,,,
Basti,Too few citations,JAFA-MFRL,https://proceedings.neurips.cc/paper_files/paper/2018/file/e5841df2166dd424a57127423d276bbe-Paper.pdf,2018,,,,,AFABench: A Generic Framework for Benchmarking Active Feature Acquisition,1,,,,,,
Basti,Too few citations,ODIN-MBRL,https://realworld-sdm.github.io/paper/21.pdf,2019,,,,,AFABench: A Generic Framework for Benchmarking Active Feature Acquisition,1,,,,,,
Basti,Too few citations,ODIN-MFRL,https://realworld-sdm.github.io/paper/21.pdf,2019,,,,,AFABench: A Generic Framework for Benchmarking Active Feature Acquisition,1,,,,,,
Basti,Too few citations,AACO,https://doi.org/10.48550/arXiv.2302.13960,2024,,,,,AFABench: A Generic Framework for Benchmarking Active Feature Acquisition,1,,,,,,
Basti,Too few citations,PT-S,https://doi.org/10.1023/A:1010933404324,2001,,,,,AFABench: A Generic Framework for Benchmarking Active Feature Acquisition,1,"RF importance for randomly permuted values of features (not really well explained, same source as RF Importance method",,,,,
Basti,Too few citations,CAE-S,https://doi.org/10.48550/arXiv.1901.09346,2019,,,,,AFABench: A Generic Framework for Benchmarking Active Feature Acquisition,1,,,,,,
Basti,Too few citations,BRIDGE regularization,,,,,,,Feature Selection for Classification: A Review,1,,,,,,
Basti,Too few citations,sum minority,,,,,,,A review of feature selection methods with applications,1,,,,,,
Basti,Too few citations,max of minority,,,,,,,A review of feature selection methods with applications,1,,,,,,
Basti,Too few citations,distance,,,,,,,A review of feature selection methods with applications,1,,,,,,
Basti,Too few citations,entropy,,,,,,,A review of feature selection methods with applications,1,,,,,,
Basti,Too few citations,Multinomial Logistic Regression,,,,,,,A review of feature selection methods with applications,1,,,,,,
Basti,Too few citations,Balanced Error Rate,,,,,,,Filter methods,1,,,,,,
Basti,Too few citations,ROC,,,,,,,Filter methods,1,,,,,,
Basti,Too few citations,C4.5,,,,,,,Filter methods,1,,,,,,
Basti,Too few citations,Conditional Infomax Feature Extraction,,,,,,,Feature Selection: A Data Perspective,1,,,,,,
Basti,Too few citations,DeepFS,,,,,,,Feature Selection: A Data Perspective,1,,,,,,
Basti,Too few citations,CPFS,,,,,,,Feature Selection: A Data Perspective,1,,,,,,
Basti,Too few citations,GreedyFS,,,,,,,Feature Selection: A Data Perspective,1,,,,,,
Basti,Too few citations,Sure Independence Screening (SIS),https://doi.org/10.48550/arXiv.math/0612857,2008,,,,,A Benchmarking Study of Feature Screening Approaches Across Omics Classification Settings,1,,,,,,
Basti,Too few citations,Generalized SIS,https://pmc.ncbi.nlm.nih.gov/articles/PMC3095976/,2009,,,,,A Benchmarking Study of Feature Screening Approaches Across Omics Classification Settings,1,,,,,,
Basti,Too few citations,Sure Independent Ranking and Screening (SIRS),https://doi.org/10.1198/jasa.2011.tm10563,2010,,,,,A Benchmarking Study of Feature Screening Approaches Across Omics Classification Settings,1,,,,,,
Basti,Too few citations,Martingale Difference Correlation (MDC-SIS),https://doi.org/10.1080/01621459.2014.887012,2013,,,,,A Benchmarking Study of Feature Screening Approaches Across Omics Classification Settings,1,,,,,,
Basti,Too few citations,Ball Correlation (Bcor-SIS),https://doi.org/10.1080/01621459.2018.1462709,2018,,,,,A Benchmarking Study of Feature Screening Approaches Across Omics Classification Settings,1,,,,,,
Basti,Too few citations,Projection Correlation (PC-Screen),https://doi.org/10.1080/01621459.2020.1783274,2019,,,,,A Benchmarking Study of Feature Screening Approaches Across Omics Classification Settings,1,,,,,,
Basti,Too few citations,Weighted Leverage Score (WLS),https://doi.org/10.1080/01621459.2021.1918554,2021,,,,,A Benchmarking Study of Feature Screening Approaches Across Omics Classification Settings,1,,,,,,
Basti,Too few citations,Kolmogorov Filter (Kfilter),https://doi.org/10.1214/14-AOS1303,2014,,,,,A Benchmarking Study of Feature Screening Approaches Across Omics Classification Settings,1,,,,,,
Basti,Too few citations,Mean-Variance (MVSIS),https://doi.org/10.1080/01621459.2014.920256,2015,,,,,A Benchmarking Study of Feature Screening Approaches Across Omics Classification Settings,1,,,,,,
Basti,Too few citations,Quantile Correlation (QCSIS),https://doi.org/10.1016/j.jmva.2015.10.010,2016,,,,,A Benchmarking Study of Feature Screening Approaches Across Omics Classification Settings,1,,,,,,
Basti,Too few citations,Pairwise SIS (PSIS),https://doi.org/10.1080/01621459.2014.998760,2015,,,,,A Benchmarking Study of Feature Screening Approaches Across Omics Classification Settings,1,,,,,,
Basti,Too few citations,Category-Adaptive Variable Screening (CAS),https://doi.org/10.1080/01621459.2019.1573734,2019,,,,,A Benchmarking Study of Feature Screening Approaches Across Omics Classification Settings,1,,,,,,
Basti,Too few citations,Categorical Concordance Index (CI-SIS),https://doi.org/10.1016/j.cmpb.2022.107269,2023,,,,,A Benchmarking Study of Feature Screening Approaches Across Omics Classification Settings,1,,,,,,
Basti,Too few citations,Concordance Index (CSIS),https://doi.org/10.1007/s00180-023-01399-5,2024,,,,,A Benchmarking Study of Feature Screening Approaches Across Omics Classification Settings,1,,,,,,
Basti,Too few citations,Maximum Correlation (MC-SIS),https://doi.org/10.1016/j.jmva.2016.02.014,2016,,,,,A Benchmarking Study of Feature Screening Approaches Across Omics Classification Settings,1,,,,,,
Basti,Too few citations,"Multi-response rank canonical correlation
(mRCC)",https://www3.stat.sinica.edu.tw/sstest/oldpdf/A31n405.pdf,2021,,,,,A Benchmarking Study of Feature Screening Approaches Across Omics Classification Settings,1,,,,,,
Basti,Too few citations,Conditional Distance Correlation (CDCSIS),https://doi.org/10.1080/01621459.2014.993081,2015,,,,,A Benchmarking Study of Feature Screening Approaches Across Omics Classification Settings,1,,,,,,
Basti,Too few citations,Nonparametric Independence Screening (NIS),https://doi.org/10.48550/arXiv.0912.2695,2011,,,,,A Benchmarking Study of Feature Screening Approaches Across Omics Classification Settings,1,,,,,,
Basti,Too few citations,Conditional SIS,https://doi.org/10.48550/arXiv.1206.1024,2012,,,,,A Benchmarking Study of Feature Screening Approaches Across Omics Classification Settings,1,,,,,,
Basti,Too few citations,SIT-BY,https://doi.org/10.48550/arXiv.2207.13522,2022,,,,,A Benchmarking Study of Feature Screening Approaches Across Omics Classification Settings,1,,,,,,
Basti,Too few citations,Robust Rank Correlation (RRCS),https://doi.org/10.48550/arXiv.1012.4255,2012,,,,,A Benchmarking Study of Feature Screening Approaches Across Omics Classification Settings,1,,,,,,
Basti,Too few citations,Distance Correlation (DC-SIS),https://doi.org/10.48550/arXiv.1012.4255,2012,,,,,A Benchmarking Study of Feature Screening Approaches Across Omics Classification Settings,1,,,,,,
Basti,Too few citations,Maximum Mean Discrepancy MMD,https://proceedings.mlr.press/v151/poignard22a/poignard22a.pdf,2022,https://github.com/PeterJackNaylor/knockoff-MMD-HSIC,2022,No,,A Benchmarking Study of Feature Screening Approaches Across Omics Classification Settings,1,,,,,,
Basti,Too few citations,Hilbert-Schmidt Independence Criterion (HSIC),https://proceedings.mlr.press/v151/poignard22a/poignard22a.pdf,2022,https://github.com/PeterJackNaylor/knockoff-MMD-HSIC,,No,,A Benchmarking Study of Feature Screening Approaches Across Omics Classification Settings,1,,,,,,
,,,,,,,,,,0,,,,,,
,,,,,,,,,,0,,,,,,
,,,,,,,,,,0,,,,,,
,,RECENT METHODS,,,,,,,,0,,,,,,
Basti,"Yes, Recent Method",CEFS+,https://doi.org/10.1038/s41598-025-15068-8,2025,https://github.com/xr-Yan/CEFSplus/tree/main,2025,Yes,,,0,,,,,,
Basti,Recent Method,FIGFS,https://doi.org/10.1016/j.engappai.2025.111298,2025,Pseudocode-Algo in the paper,,,,,0,,,,,,
Basti,Recent Method,Multi-viewFS,https://doi.org/10.48550/arXiv.2501.06805,2025,https://dataverse.harvard.edu/dataset.xhtml?persistentId=doi:10.7910/DVN/FZYERP,2025,Yes,,,0,,,,,,
Basti,Recent Method,EHOFS,https://doi.org/10.1016/j.eswa.2024.125860,2025,Pseudocode-Algo in the paper,,,,,0,,,,,,
Basti,Recent Method,Ts-repso,https://doi.org/10.1109/TCBBIO.2025.3532297,2025,,,,,,0,,,,,,
Basti,Recent Method,MOPSO,https://doi.org/10.1007/s11227-024-06762-x,2025,Pseudocode-Algo in the paper,,,,,0,,,,,,
Basti,Recent Method,MsFDSs,https://doi.org/10.1016/j.inffus.2024.102901,2025,https://github.com/Binbincqnu/MsFSVE,2025,,,,0,,,,,,
Basti,Recent Method,ICS-RCFS,https://doi.org/10.1016/j.patcog.2026.113416,2026,Pseudocode-Algo in the paper,,,,,0,,,,,,
Basti,Recent Method,mRMR-MOBSTA,https://doi.org/10.1016/j.eswa.2025.131084,2026,Pseudocode-Algo in the paper,,,,,0,,,,,,
Basti,Recent Method,FSRDE,https://doi.org/10.1016/j.patcog.2025.112032,2026,Pseudocode-Algo in the paper,,,,,0,,,,,,
Basti,Recent Method,CAWOA-NRS,https://doi.org/10.22266/ijies2026.0131.23,2026,Pseudocode-Algo in the paper,,,,,0,,,,,,
Basti,Recent Method,LSSSMV-FS,https://doi.org/10.1016/j.patcog.2025.111874,2026,,,,,,0,,,,,,
Basti,Recent Method,ISFS,https://doi.org/10.1016/j.bspc.2025.109061,2026,Pseudocode-Algo in the paper,,,,,0,,,,,,
Basti,Recent Method,ObDI-FS,https://doi.org/10.1016/j.patcog.2025.111985,2026,Pseudocode-Algo in the paper,,,,,0,,,,,,
"Basti, Ricardo","Yes, Recent Method",LLM-Select,https://doi.org/10.48550/arXiv.2407.02694,2025,https://github.com/taekb/llm-select,2025,,,,0,"Zero-shot Feature selection using a LLM, provided with the feature name and the predictive task. See also: https://doi.org/10.1145/3715073.3715077",,,,,"In Progress, but not sure if we should include it"
,,,,,,,,,,0,,,,,,
,,,,,,,,,,0,,,,,,
,,,,,,,,,,0,,,,,,
,,,,,,,,,,0,,,,,,
,,,,,,,,,,0,,,,,,
,,,,,,,,,,0,,,,,,
,,,,,,,,,,0,,,,,,
,,,,,,,,,,0,,,,,,
,,,,,,,,,,0,,,,,,
,,,,,,,,,,0,,,,,,
,,,,,,,,,,0,,,,,,
,,,,,,,,,,0,,,,,,
,,,,,,,,,,0,,,,,,
,,,,,,,,,,0,,,,,,
,,,,,,,,,,0,,,,,,
,,,,,,,,,,0,,,,,,
,,,,,,,,,,0,,,,,,
,,,,,,,,,,0,,,,,,
,,,,,,,,,,0,,,,,,
,,,,,,,,,,0,,,,,,
,,,,,,,,,,0,,,,,,
,,,,,,,,,,0,,,,,,
,,,,,,,,,,0,,,,,,
,,,,,,,,,,0,,,,,,
,,,,,,,,,,0,,,,,,
,,,,,,,,,,0,,,,,,
,,,,,,,,,,0,,,,,,
,,,,,,,,,,0,,,,,,
,,,,,,,,,,0,,,,,,
,,,,,,,,,,0,,,,,,
,,,,,,,,,,0,,,,,,
,,,,,,,,,,0,,,,,,
,,,,,,,,,,0,,,,,,
,,,,,,,,,,0,,,,,,
,,,,,,,,,,0,,,,,,
,,,,,,,,,,0,,,,,,
,,,,,,,,,,0,,,,,,
,,,,,,,,,,0,,,,,,
,,,,,,,,,,0,,,,,,
,,,,,,,,,,0,,,,,,
,,,,,,,,,,0,,,,,,
,,,,,,,,,,0,,,,,,
,,,,,,,,,,0,,,,,,
,,,,,,,,,,0,,,,,,
,,,,,,,,,,0,,,,,,
,,,,,,,,,,0,,,,,,
,,,,,,,,,,0,,,,,,
,,,,,,,,,,0,,,,,,
,,,,,,,,,,0,,,,,,
,,,,,,,,,,0,,,,,,
,,,,,,,,,,0,,,,,,
,,,,,,,,,,0,,,,,,
,,,,,,,,,,0,,,,,,
,,,,,,,,,,0,,,,,,
,,,,,,,,,,0,,,,,,
,,,,,,,,,,0,,,,,,
,,,,,,,,,,0,,,,,,
,,,,,,,,,,0,,,,,,
,,,,,,,,,,0,,,,,,
,,,,,,,,,,0,,,,,,
,,,,,,,,,,0,,,,,,
,,,,,,,,,,0,,,,,,
,,,,,,,,,,0,,,,,,
,,,,,,,,,,0,,,,,,
,,,,,,,,,,0,,,,,,
,,,,,,,,,,0,,,,,,
,,,,,,,,,,0,,,,,,
,,,,,,,,,,0,,,,,,
,,,,,,,,,,0,,,,,,
,,,,,,,,,,0,,,,,,
,,,,,,,,,,0,,,,,,
,,,,,,,,,,0,,,,,,
,,,,,,,,,,0,,,,,,
,,,,,,,,,,0,,,,,,
,,,,,,,,,,0,,,,,,
,,,,,,,,,,0,,,,,,
,,,,,,,,,,0,,,,,,
,,,,,,,,,,0,,,,,,
,,,,,,,,,,0,,,,,,
,,,,,,,,,,0,,,,,,
,,,,,,,,,,0,,,,,,
,,,,,,,,,,0,,,,,,
,,,,,,,,,,0,,,,,,
,,,,,,,,,,0,,,,,,
,,,,,,,,,,0,,,,,,
,,,,,,,,,,0,,,,,,
,,,,,,,,,,0,,,,,,
,,,,,,,,,,0,,,,,,
,,,,,,,,,,0,,,,,,
,,,,,,,,,,0,,,,,,
,,,,,,,,,,0,,,,,,
,,,,,,,,,,0,,,,,,
,,,,,,,,,,0,,,,,,
,,,,,,,,,,0,,,,,,
,,,,,,,,,,0,,,,,,
,,,,,,,,,,0,,,,,,
,,,,,,,,,,0,,,,,,
,,,,,,,,,,0,,,,,,
,,,,,,,,,,0,,,,,,
,,,,,,,,,,0,,,,,,
,,,,,,,,,,0,,,,,,
,,,,,,,,,,0,,,,,,
,,,,,,,,,,0,,,,,,
,,,,,,,,,,0,,,,,,
,,,,,,,,,,0,,,,,,
,,,,,,,,,,0,,,,,,
,,,,,,,,,,0,,,,,,
,,,,,,,,,,0,,,,,,
,,,,,,,,,,0,,,,,,
,,,,,,,,,,0,,,,,,
,,,,,,,,,,0,,,,,,
,,,,,,,,,,0,,,,,,
,,,,,,,,,,0,,,,,,
,,,,,,,,,,0,,,,,,
,,,,,,,,,,0,,,,,,
,,,,,,,,,,0,,,,,,
,,,,,,,,,,0,,,,,,
,,,,,,,,,,0,,,,,,
,,,,,,,,,,0,,,,,,
,,,,,,,,,,0,,,,,,
,,,,,,,,,,0,,,,,,
,,,,,,,,,,0,,,,,,
,,,,,,,,,,0,,,,,,
,,,,,,,,,,0,,,,,,
,,,,,,,,,,0,,,,,,
,,,,,,,,,,0,,,,,,
,,,,,,,,,,0,,,,,,
,,,,,,,,,,0,,,,,,
,,,,,,,,,,0,,,,,,
,,,,,,,,,,0,,,,,,
,,,,,,,,,,0,,,,,,
,,,,,,,,,,0,,,,,,
,,,,,,,,,,0,,,,,,
,,,,,,,,,,0,,,,,,
,,,,,,,,,,0,,,,,,
,,,,,,,,,,0,,,,,,
,,,,,,,,,,0,,,,,,
,,,,,,,,,,0,,,,,,
,,,,,,,,,,0,,,,,,
,,,,,,,,,,0,,,,,,
,,,,,,,,,,0,,,,,,
,,,,,,,,,,0,,,,,,
,,,,,,,,,,0,,,,,,
,,,,,,,,,,0,,,,,,
,,,,,,,,,,0,,,,,,
,,,,,,,,,,0,,,,,,
,,,,,,,,,,0,,,,,,
,,,,,,,,,,0,,,,,,
,,,,,,,,,,0,,,,,,
,,,,,,,,,,0,,,,,,
,,,,,,,,,,0,,,,,,
,,,,,,,,,,0,,,,,,
,,,,,,,,,,0,,,,,,
,,,,,,,,,,0,,,,,,
,,,,,,,,,,0,,,,,,
,,,,,,,,,,0,,,,,,
,,,,,,,,,,0,,,,,,
,,,,,,,,,,0,,,,,,
,,,,,,,,,,0,,,,,,
,,,,,,,,,,0,,,,,,
,,,,,,,,,,0,,,,,,
,,,,,,,,,,0,,,,,,
,,,,,,,,,,0,,,,,,
,,,,,,,,,,0,,,,,,
,,,,,,,,,,0,,,,,,
,,,,,,,,,,0,,,,,,
,,,,,,,,,,0,,,,,,
,,,,,,,,,,0,,,,,,
,,,,,,,,,,0,,,,,,
,,,,,,,,,,0,,,,,,
,,,,,,,,,,0,,,,,,
,,,,,,,,,,0,,,,,,
,,,,,,,,,,0,,,,,,
,,,,,,,,,,0,,,,,,
,,,,,,,,,,0,,,,,,
,,,,,,,,,,0,,,,,,
,,,,,,,,,,0,,,,,,
,,,,,,,,,,0,,,,,,
,,,,,,,,,,0,,,,,,
,,,,,,,,,,0,,,,,,
,,,,,,,,,,0,,,,,,
,,,,,,,,,,0,,,,,,
,,,,,,,,,,0,,,,,,
,,,,,,,,,,0,,,,,,
,,,,,,,,,,0,,,,,,
,,,,,,,,,,0,,,,,,
,,,,,,,,,,0,,,,,,
,,,,,,,,,,0,,,,,,
,,,,,,,,,,0,,,,,,
,,,,,,,,,,0,,,,,,
,,,,,,,,,,0,,,,,,
,,,,,,,,,,0,,,,,,
,,,,,,,,,,0,,,,,,
,,,,,,,,,,0,,,,,,
,,,,,,,,,,0,,,,,,
,,,,,,,,,,0,,,,,,
,,,,,,,,,,0,,,,,,
,,,,,,,,,,0,,,,,,
,,,,,,,,,,0,,,,,,
,,,,,,,,,,0,,,,,,
,,,,,,,,,,0,,,,,,
,,,,,,,,,,0,,,,,,
,,,,,,,,,,0,,,,,,
,,,,,,,,,,0,,,,,,
,,,,,,,,,,0,,,,,,
,,,,,,,,,,0,,,,,,
,,,,,,,,,,0,,,,,,
,,,,,,,,,,0,,,,,,
,,,,,,,,,,0,,,,,,
,,,,,,,,,,0,,,,,,
,,,,,,,,,,0,,,,,,
,,,,,,,,,,0,,,,,,
,,,,,,,,,,0,,,,,,
,,,,,,,,,,0,,,,,,
,,,,,,,,,,0,,,,,,
,,,,,,,,,,0,,,,,,
,,,,,,,,,,0,,,,,,
,,,,,,,,,,0,,,,,,
,,,,,,,,,,0,,,,,,
,,,,,,,,,,0,,,,,,
,,,,,,,,,,0,,,,,,
,,,,,,,,,,0,,,,,,
,,,,,,,,,,0,,,,,,
,,,,,,,,,,0,,,,,,
,,,,,,,,,,0,,,,,,
,,,,,,,,,,0,,,,,,
,,,,,,,,,,0,,,,,,
,,,,,,,,,,0,,,,,,
,,,,,,,,,,0,,,,,,
,,,,,,,,,,0,,,,,,
,,,,,,,,,,0,,,,,,
,,,,,,,,,,0,,,,,,
,,,,,,,,,,0,,,,,,
,,,,,,,,,,0,,,,,,
,,,,,,,,,,0,,,,,,
,,,,,,,,,,0,,,,,,
,,,,,,,,,,0,,,,,,
,,,,,,,,,,0,,,,,,
,,,,,,,,,,0,,,,,,
,,,,,,,,,,0,,,,,,
,,,,,,,,,,0,,,,,,
,,,,,,,,,,0,,,,,,
,,,,,,,,,,0,,,,,,
,,,,,,,,,,0,,,,,,
,,,,,,,,,,0,,,,,,
,,,,,,,,,,0,,,,,,
,,,,,,,,,,0,,,,,,
,,,,,,,,,,0,,,,,,
,,,,,,,,,,0,,,,,,
,,,,,,,,,,0,,,,,,
,,,,,,,,,,0,,,,,,
,,,,,,,,,,0,,,,,,
,,,,,,,,,,0,,,,,,
,,,,,,,,,,0,,,,,,
,,,,,,,,,,0,,,,,,
,,,,,,,,,,0,,,,,,
,,,,,,,,,,0,,,,,,
,,,,,,,,,,0,,,,,,
,,,,,,,,,,0,,,,,,
,,,,,,,,,,0,,,,,,
,,,,,,,,,,0,,,,,,
,,,,,,,,,,0,,,,,,
,,,,,,,,,,0,,,,,,
,,,,,,,,,,0,,,,,,
,,,,,,,,,,0,,,,,,
,,,,,,,,,,0,,,,,,
,,,,,,,,,,0,,,,,,
,,,,,,,,,,0,,,,,,
,,,,,,,,,,0,,,,,,
,,,,,,,,,,0,,,,,,
,,,,,,,,,,0,,,,,,
,,,,,,,,,,0,,,,,,
,,,,,,,,,,0,,,,,,
,,,,,,,,,,0,,,,,,
,,,,,,,,,,0,,,,,,
,,,,,,,,,,0,,,,,,
,,,,,,,,,,0,,,,,,
,,,,,,,,,,0,,,,,,
,,,,,,,,,,0,,,,,,
,,,,,,,,,,0,,,,,,
,,,,,,,,,,0,,,,,,
,,,,,,,,,,0,,,,,,
,,,,,,,,,,0,,,,,,
,,,,,,,,,,0,,,,,,
,,,,,,,,,,0,,,,,,
,,,,,,,,,,0,,,,,,
,,,,,,,,,,0,,,,,,
,,,,,,,,,,0,,,,,,
,,,,,,,,,,0,,,,,,
,,,,,,,,,,0,,,,,,
,,,,,,,,,,0,,,,,,
,,,,,,,,,,0,,,,,,
,,,,,,,,,,0,,,,,,
,,,,,,,,,,0,,,,,,
,,,,,,,,,,0,,,,,,
,,,,,,,,,,0,,,,,,
,,,,,,,,,,0,,,,,,
,,,,,,,,,,0,,,,,,
,,,,,,,,,,0,,,,,,
,,,,,,,,,,0,,,,,,
,,,,,,,,,,0,,,,,,
,,,,,,,,,,0,,,,,,
,,,,,,,,,,0,,,,,,
,,,,,,,,,,0,,,,,,
,,,,,,,,,,0,,,,,,
,,,,,,,,,,0,,,,,,
,,,,,,,,,,0,,,,,,
,,,,,,,,,,0,,,,,,
,,,,,,,,,,0,,,,,,
,,,,,,,,,,0,,,,,,
,,,,,,,,,,0,,,,,,
,,,,,,,,,,0,,,,,,
,,,,,,,,,,0,,,,,,
,,,,,,,,,,0,,,,,,
,,,,,,,,,,0,,,,,,
,,,,,,,,,,0,,,,,,
,,,,,,,,,,0,,,,,,
,,,,,,,,,,0,,,,,,
,,,,,,,,,,0,,,,,,
,,,,,,,,,,0,,,,,,
,,,,,,,,,,0,,,,,,
,,,,,,,,,,0,,,,,,
,,,,,,,,,,0,,,,,,
,,,,,,,,,,0,,,,,,
,,,,,,,,,,0,,,,,,
,,,,,,,,,,0,,,,,,
,,,,,,,,,,0,,,,,,
,,,,,,,,,,0,,,,,,
,,,,,,,,,,0,,,,,,
,,,,,,,,,,0,,,,,,
,,,,,,,,,,0,,,,,,
,,,,,,,,,,0,,,,,,
,,,,,,,,,,0,,,,,,
,,,,,,,,,,0,,,,,,
,,,,,,,,,,0,,,,,,
,,,,,,,,,,0,,,,,,
,,,,,,,,,,0,,,,,,
,,,,,,,,,,0,,,,,,
,,,,,,,,,,0,,,,,,
,,,,,,,,,,0,,,,,,
,,,,,,,,,,0,,,,,,
,,,,,,,,,,0,,,,,,
,,,,,,,,,,0,,,,,,
,,,,,,,,,,0,,,,,,
,,,,,,,,,,0,,,,,,
,,,,,,,,,,0,,,,,,
,,,,,,,,,,0,,,,,,
,,,,,,,,,,0,,,,,,
,,,,,,,,,,0,,,,,,
,,,,,,,,,,0,,,,,,
,,,,,,,,,,0,,,,,,
,,,,,,,,,,0,,,,,,
,,,,,,,,,,0,,,,,,
,,,,,,,,,,0,,,,,,
,,,,,,,,,,0,,,,,,
,,,,,,,,,,0,,,,,,
,,,,,,,,,,0,,,,,,
,,,,,,,,,,0,,,,,,
,,,,,,,,,,0,,,,,,
,,,,,,,,,,0,,,,,,
,,,,,,,,,,0,,,,,,
,,,,,,,,,,0,,,,,,
,,,,,,,,,,0,,,,,,
,,,,,,,,,,0,,,,,,
,,,,,,,,,,0,,,,,,
,,,,,,,,,,0,,,,,,
,,,,,,,,,,0,,,,,,
,,,,,,,,,,0,,,,,,
,,,,,,,,,,0,,,,,,
,,,,,,,,,,0,,,,,,
,,,,,,,,,,0,,,,,,
,,,,,,,,,,0,,,,,,
,,,,,,,,,,0,,,,,,
,,,,,,,,,,0,,,,,,
,,,,,,,,,,0,,,,,,
,,,,,,,,,,0,,,,,,
,,,,,,,,,,0,,,,,,
,,,,,,,,,,0,,,,,,
,,,,,,,,,,0,,,,,,
,,,,,,,,,,0,,,,,,
,,,,,,,,,,0,,,,,,
,,,,,,,,,,0,,,,,,
,,,,,,,,,,0,,,,,,
,,,,,,,,,,0,,,,,,
,,,,,,,,,,0,,,,,,
,,,,,,,,,,0,,,,,,
,,,,,,,,,,0,,,,,,
,,,,,,,,,,0,,,,,,
,,,,,,,,,,0,,,,,,
,,,,,,,,,,0,,,,,,
,,,,,,,,,,0,,,,,,
,,,,,,,,,,0,,,,,,
,,,,,,,,,,0,,,,,,
,,,,,,,,,,0,,,,,,
,,,,,,,,,,0,,,,,,
,,,,,,,,,,0,,,,,,
,,,,,,,,,,0,,,,,,
,,,,,,,,,,0,,,,,,
,,,,,,,,,,0,,,,,,
,,,,,,,,,,0,,,,,,
,,,,,,,,,,0,,,,,,
,,,,,,,,,,0,,,,,,
,,,,,,,,,,0,,,,,,
,,,,,,,,,,0,,,,,,
,,,,,,,,,,0,,,,,,
,,,,,,,,,,0,,,,,,
,,,,,,,,,,0,,,,,,
,,,,,,,,,,0,,,,,,
,,,,,,,,,,0,,,,,,
,,,,,,,,,,0,,,,,,
,,,,,,,,,,0,,,,,,
,,,,,,,,,,0,,,,,,
,,,,,,,,,,0,,,,,,
,,,,,,,,,,0,,,,,,
,,,,,,,,,,0,,,,,,
,,,,,,,,,,0,,,,,,
,,,,,,,,,,0,,,,,,
,,,,,,,,,,0,,,,,,
,,,,,,,,,,0,,,,,,
,,,,,,,,,,0,,,,,,
,,,,,,,,,,0,,,,,,
,,,,,,,,,,0,,,,,,
,,,,,,,,,,0,,,,,,
,,,,,,,,,,0,,,,,,
,,,,,,,,,,0,,,,,,
,,,,,,,,,,0,,,,,,
,,,,,,,,,,0,,,,,,
,,,,,,,,,,0,,,,,,
,,,,,,,,,,0,,,,,,
,,,,,,,,,,0,,,,,,
,,,,,,,,,,0,,,,,,
,,,,,,,,,,0,,,,,,
,,,,,,,,,,0,,,,,,
,,,,,,,,,,0,,,,,,
,,,,,,,,,,0,,,,,,
,,,,,,,,,,0,,,,,,
,,,,,,,,,,0,,,,,,
,,,,,,,,,,0,,,,,,
,,,,,,,,,,0,,,,,,
,,,,,,,,,,0,,,,,,
,,,,,,,,,,0,,,,,,
,,,,,,,,,,0,,,,,,
,,,,,,,,,,0,,,,,,
,,,,,,,,,,0,,,,,,
,,,,,,,,,,0,,,,,,
,,,,,,,,,,0,,,,,,
,,,,,,,,,,0,,,,,,
,,,,,,,,,,0,,,,,,
,,,,,,,,,,0,,,,,,
,,,,,,,,,,0,,,,,,
,,,,,,,,,,0,,,,,,
,,,,,,,,,,0,,,,,,
,,,,,,,,,,0,,,,,,
,,,,,,,,,,0,,,,,,
,,,,,,,,,,0,,,,,,
,,,,,,,,,,0,,,,,,
,,,,,,,,,,0,,,,,,
,,,,,,,,,,0,,,,,,
,,,,,,,,,,0,,,,,,
,,,,,,,,,,0,,,,,,
,,,,,,,,,,0,,,,,,
,,,,,,,,,,0,,,,,,
,,,,,,,,,,0,,,,,,
,,,,,,,,,,0,,,,,,
,,,,,,,,,,0,,,,,,
,,,,,,,,,,0,,,,,,
,,,,,,,,,,0,,,,,,
,,,,,,,,,,0,,,,,,
,,,,,,,,,,0,,,,,,
,,,,,,,,,,0,,,,,,
,,,,,,,,,,0,,,,,,
,,,,,,,,,,0,,,,,,
,,,,,,,,,,0,,,,,,
,,,,,,,,,,0,,,,,,
,,,,,,,,,,0,,,,,,
,,,,,,,,,,0,,,,,,
,,,,,,,,,,0,,,,,,
,,,,,,,,,,0,,,,,,
,,,,,,,,,,0,,,,,,
,,,,,,,,,,0,,,,,,
,,,,,,,,,,0,,,,,,
,,,,,,,,,,0,,,,,,
,,,,,,,,,,0,,,,,,
,,,,,,,,,,0,,,,,,
,,,,,,,,,,0,,,,,,
,,,,,,,,,,0,,,,,,
,,,,,,,,,,0,,,,,,
,,,,,,,,,,0,,,,,,
,,,,,,,,,,0,,,,,,
,,,,,,,,,,0,,,,,,
,,,,,,,,,,0,,,,,,
,,,,,,,,,,0,,,,,,
,,,,,,,,,,0,,,,,,
,,,,,,,,,,0,,,,,,
,,,,,,,,,,0,,,,,,
,,,,,,,,,,0,,,,,,
,,,,,,,,,,0,,,,,,
,,,,,,,,,,0,,,,,,
,,,,,,,,,,0,,,,,,
,,,,,,,,,,0,,,,,,
,,,,,,,,,,0,,,,,,
,,,,,,,,,,0,,,,,,
,,,,,,,,,,0,,,,,,
,,,,,,,,,,0,,,,,,
,,,,,,,,,,0,,,,,,
,,,,,,,,,,0,,,,,,
,,,,,,,,,,0,,,,,,
,,,,,,,,,,0,,,,,,
,,,,,,,,,,0,,,,,,
,,,,,,,,,,0,,,,,,
,,,,,,,,,,0,,,,,,
,,,,,,,,,,0,,,,,,
,,,,,,,,,,0,,,,,,
,,,,,,,,,,0,,,,,,
,,,,,,,,,,0,,,,,,
,,,,,,,,,,0,,,,,,
,,,,,,,,,,0,,,,,,
,,,,,,,,,,0,,,,,,
,,,,,,,,,,0,,,,,,
,,,,,,,,,,0,,,,,,
,,,,,,,,,,0,,,,,,
,,,,,,,,,,0,,,,,,
,,,,,,,,,,0,,,,,,
,,,,,,,,,,0,,,,,,
,,,,,,,,,,0,,,,,,
,,,,,,,,,,0,,,,,,
,,,,,,,,,,0,,,,,,
,,,,,,,,,,0,,,,,,
,,,,,,,,,,0,,,,,,
,,,,,,,,,,0,,,,,,
,,,,,,,,,,0,,,,,,
,,,,,,,,,,0,,,,,,
,,,,,,,,,,0,,,,,,
,,,,,,,,,,0,,,,,,
,,,,,,,,,,0,,,,,,
,,,,,,,,,,0,,,,,,
,,,,,,,,,,0,,,,,,
,,,,,,,,,,0,,,,,,
,,,,,,,,,,0,,,,,,
,,,,,,,,,,0,,,,,,
,,,,,,,,,,0,,,,,,
,,,,,,,,,,0,,,,,,
,,,,,,,,,,0,,,,,,
,,,,,,,,,,0,,,,,,
,,,,,,,,,,0,,,,,,
,,,,,,,,,,0,,,,,,
,,,,,,,,,,0,,,,,,
,,,,,,,,,,0,,,,,,
,,,,,,,,,,0,,,,,,
,,,,,,,,,,0,,,,,,
,,,,,,,,,,0,,,,,,
,,,,,,,,,,0,,,,,,
,,,,,,,,,,0,,,,,,
,,,,,,,,,,0,,,,,,
,,,,,,,,,,0,,,,,,
,,,,,,,,,,0,,,,,,
,,,,,,,,,,0,,,,,,
,,,,,,,,,,0,,,,,,
,,,,,,,,,,0,,,,,,
,,,,,,,,,,0,,,,,,
,,,,,,,,,,0,,,,,,
,,,,,,,,,,0,,,,,,
,,,,,,,,,,0,,,,,,
,,,,,,,,,,0,,,,,,
,,,,,,,,,,0,,,,,,
,,,,,,,,,,0,,,,,,
,,,,,,,,,,0,,,,,,
,,,,,,,,,,0,,,,,,
,,,,,,,,,,0,,,,,,
,,,,,,,,,,0,,,,,,
,,,,,,,,,,0,,,,,,
,,,,,,,,,,0,,,,,,
,,,,,,,,,,0,,,,,,
,,,,,,,,,,0,,,,,,
,,,,,,,,,,0,,,,,,
,,,,,,,,,,0,,,,,,
,,,,,,,,,,0,,,,,,
,,,,,,,,,,0,,,,,,
,,,,,,,,,,0,,,,,,
,,,,,,,,,,0,,,,,,
,,,,,,,,,,0,,,,,,
,,,,,,,,,,0,,,,,,
,,,,,,,,,,0,,,,,,
,,,,,,,,,,0,,,,,,
,,,,,,,,,,0,,,,,,
,,,,,,,,,,0,,,,,,
,,,,,,,,,,0,,,,,,
,,,,,,,,,,0,,,,,,
,,,,,,,,,,0,,,,,,
,,,,,,,,,,0,,,,,,
,,,,,,,,,,0,,,,,,
,,,,,,,,,,0,,,,,,
,,,,,,,,,,0,,,,,,
,,,,,,,,,,0,,,,,,
,,,,,,,,,,0,,,,,,
,,,,,,,,,,0,,,,,,
,,,,,,,,,,0,,,,,,
,,,,,,,,,,0,,,,,,
,,,,,,,,,,0,,,,,,
,,,,,,,,,,0,,,,,,
,,,,,,,,,,0,,,,,,
,,,,,,,,,,0,,,,,,
,,,,,,,,,,0,,,,,,
,,,,,,,,,,0,,,,,,
,,,,,,,,,,0,,,,,,
,,,,,,,,,,0,,,,,,
,,,,,,,,,,0,,,,,,
,,,,,,,,,,0,,,,,,
,,,,,,,,,,0,,,,,,
,,,,,,,,,,0,,,,,,
,,,,,,,,,,0,,,,,,
,,,,,,,,,,0,,,,,,
,,,,,,,,,,0,,,,,,
,,,,,,,,,,0,,,,,,
,,,,,,,,,,0,,,,,,
,,,,,,,,,,0,,,,,,
,,,,,,,,,,0,,,,,,
,,,,,,,,,,0,,,,,,
,,,,,,,,,,0,,,,,,
,,,,,,,,,,0,,,,,,
,,,,,,,,,,0,,,,,,
,,,,,,,,,,0,,,,,,
,,,,,,,,,,0,,,,,,
,,,,,,,,,,0,,,,,,
,,,,,,,,,,0,,,,,,
,,,,,,,,,,0,,,,,,
,,,,,,,,,,0,,,,,,
,,,,,,,,,,0,,,,,,
,,,,,,,,,,0,,,,,,
,,,,,,,,,,0,,,,,,
,,,,,,,,,,0,,,,,,
,,,,,,,,,,0,,,,,,
,,,,,,,,,,0,,,,,,
,,,,,,,,,,0,,,,,,
,,,,,,,,,,0,,,,,,
,,,,,,,,,,0,,,,,,
,,,,,,,,,,0,,,,,,
,,,,,,,,,,0,,,,,,
,,,,,,,,,,0,,,,,,
,,,,,,,,,,0,,,,,,
,,,,,,,,,,0,,,,,,
,,,,,,,,,,0,,,,,,
,,,,,,,,,,0,,,,,,
,,,,,,,,,,0,,,,,,
,,,,,,,,,,0,,,,,,
,,,,,,,,,,0,,,,,,
,,,,,,,,,,0,,,,,,
,,,,,,,,,,0,,,,,,
,,,,,,,,,,0,,,,,,
,,,,,,,,,,0,,,,,,
,,,,,,,,,,0,,,,,,
,,,,,,,,,,0,,,,,,
,,,,,,,,,,0,,,,,,
,,,,,,,,,,0,,,,,,
,,,,,,,,,,0,,,,,,
,,,,,,,,,,0,,,,,,
,,,,,,,,,,0,,,,,,
,,,,,,,,,,0,,,,,,
,,,,,,,,,,0,,,,,,
,,,,,,,,,,0,,,,,,
,,,,,,,,,,0,,,,,,
,,,,,,,,,,0,,,,,,
,,,,,,,,,,0,,,,,,
,,,,,,,,,,0,,,,,,
,,,,,,,,,,0,,,,,,
,,,,,,,,,,0,,,,,,
,,,,,,,,,,0,,,,,,
,,,,,,,,,,0,,,,,,
,,,,,,,,,,0,,,,,,
,,,,,,,,,,0,,,,,,
,,,,,,,,,,0,,,,,,
,,,,,,,,,,0,,,,,,
,,,,,,,,,,0,,,,,,
,,,,,,,,,,0,,,,,,
,,,,,,,,,,0,,,,,,
,,,,,,,,,,0,,,,,,
,,,,,,,,,,0,,,,,,
,,,,,,,,,,0,,,,,,
,,,,,,,,,,0,,,,,,
,,,,,,,,,,0,,,,,,
,,,,,,,,,,0,,,,,,
,,,,,,,,,,0,,,,,,
,,,,,,,,,,0,,,,,,
,,,,,,,,,,0,,,,,,
,,,,,,,,,,0,,,,,,
,,,,,,,,,,0,,,,,,
,,,,,,,,,,0,,,,,,
,,,,,,,,,,0,,,,,,
,,,,,,,,,,0,,,,,,
,,,,,,,,,,0,,,,,,
,,,,,,,,,,0,,,,,,
,,,,,,,,,,0,,,,,,
,,,,,,,,,,0,,,,,,
,,,,,,,,,,0,,,,,,
,,,,,,,,,,0,,,,,,
,,,,,,,,,,0,,,,,,
,,,,,,,,,,0,,,,,,
,,,,,,,,,,0,,,,,,
,,,,,,,,,,0,,,,,,
,,,,,,,,,,0,,,,,,
,,,,,,,,,,0,,,,,,
,,,,,,,,,,0,,,,,,
,,,,,,,,,,0,,,,,,
,,,,,,,,,,0,,,,,,
,,,,,,,,,,0,,,,,,
,,,,,,,,,,0,,,,,,
,,,,,,,,,,0,,,,,,
,,,,,,,,,,0,,,,,,
,,,,,,,,,,0,,,,,,
,,,,,,,,,,0,,,,,,
,,,,,,,,,,0,,,,,,
,,,,,,,,,,0,,,,,,
,,,,,,,,,,0,,,,,,
,,,,,,,,,,0,,,,,,
,,,,,,,,,,0,,,,,,
,,,,,,,,,,0,,,,,,
,,,,,,,,,,0,,,,,,
,,,,,,,,,,0,,,,,,
,,,,,,,,,,0,,,,,,
,,,,,,,,,,0,,,,,,
,,,,,,,,,,0,,,,,,
,,,,,,,,,,0,,,,,,
,,,,,,,,,,0,,,,,,
,,,,,,,,,,0,,,,,,
,,,,,,,,,,0,,,,,,
,,,,,,,,,,0,,,,,,
,,,,,,,,,,0,,,,,,
,,,,,,,,,,0,,,,,,
,,,,,,,,,,0,,,,,,
,,,,,,,,,,0,,,,,,
,,,,,,,,,,0,,,,,,
,,,,,,,,,,0,,,,,,
,,,,,,,,,,0,,,,,,